lumina,lumina,lumina,lumina,lumina,lumina,lumina,lumina,lumina,lumina,lumina,lumina,lumina,lumina,lumina,lumina,lumina,lumina,lumina,lumina,ERBB2,ERBB2,ERBB2,ERBB2,ERBB2,ERBB2,basal,basal,basal,basal,basal,basal,basal,normal,normal,normal,normal,normal,normal,normal,normal,normal,cell_lines,cell_lines,cell_lines,cell_lines,cell_lines,cell_lines,cell_lines,cell_lines,cell_lines,cell_lines,cell_lines,cell_lines
-0.6601985320824414,-0.9259508109660689,0.298295359148033,-0.2883554224982355,-0.4663989453076222,-0.3718625615150275,-0.8807834275984958,-1.1150235785512583,-0.9117703533971797,-0.32879598667617876,-0.9385556621384149,-0.5572589141749494,-0.0824761866832513,-1.1250024190626988,-0.8634517572365201,-0.15285327239551633,-0.5693385632151142,-1.0519993226895286,0.16699482610276253,-0.7809950224840903,-0.5766913930656494,0.4768640840896009,0.008383782184075785,-0.46219732825017357,0.2620564120275384,0.19430533697617872,0.446402360423098,0.8838957365299394,-0.32564477388309226,0.42434387087149267,1.5309447633770321,0.6690880644678769,1.4516392414176889,0.7347383309905122,1.0288515250119181,0.3980837642624387,1.0414563761842641,0.6995497881343796,1.1454463983561183,0.600286585152155,0.7410407565766852,0.30722379539511135,1.9395520222139142,-1.0562009397469772,-0.785196639541539,-1.0141847691724906,2.2389172375571307,-1.1475861107464853,-1.1423340894246747,-1.8786674787425515,2.387024238832196,-0.6601985320824414,2.3744193876598496,-1.3298312506133207
0.02036580097156315,2.0712570015132985,0.8597450401498036,-0.006979415035659985,-0.4242911897545869,0.08218976759658936,-1.3207387058174669,-0.18056209055977201,-0.14251657263667897,-0.37554536991562393,0.1547140361374855,0.4305440410799101,0.7063740460223348,0.7253968049838813,0.2759841245173446,1.317480177662017,-1.4431977166324226,-0.29469864432905124,0.6088824063444088,0.10953498360381249,0.6540614588780816,0.587481802512669,-2.5548401934477982,0.6017488717338288,0.7111297357627213,0.24744998607502483,0.9287025413854098,1.4684733269192927,-0.236441445009315,0.7206411152434946,-0.37911213722091397,0.6338497774814387,0.7360971068997512,0.3104628751351477,0.23793860659425156,0.3068961078298577,0.5220910685823529,0.3235410219212109,-0.1056599771486826,-0.8487364990840939,-0.35295584364878746,0.9750705163541794,-0.3137214032905978,-0.9937850361658861,-0.7143882639181716,0.6314719326112453,-2.1624957898659005,0.3496973154933374,-0.605007399889279,1.2984574187004705,-1.7297280234907173,0.02036580097156315,-0.7726454632379078,-3.670049437568463
0.33644123511717494,0.33644123511717494,0.33644123511717494,1.1076727342720183,1.4458911003657202,0.33644123511717494,0.33644123511717494,-1.4985982044500394,0.33644123511717494,0.33644123511717494,-2.289724901610395,-0.4113841487370661,0.33644123511717494,0.33644123511717494,0.33644123511717494,-4.474685764921613,0.33644123511717494,0.33644123511717494,-1.7946855630026575,0.33644123511717494,-0.25807409351812155,0.33644123511717494,0.33644123511717494,0.33644123511717494,0.33644123511717494,0.33644123511717494,0.33644123511717494,0.33644123511717494,0.33644123511717494,-3.5361005413674627,0.33644123511717494,0.33644123511717494,-1.1697422844765781,0.33644123511717494,0.33644123511717494,0.33644123511717494,-0.11178587288935757,0.33644123511717494,0.33644123511717494,0.5541181074127757,-0.9251483795852851,0.33644123511717494,0.15855475883259806,-0.1457247400752309,0.33644123511717494,0.33644123511717494,0.33644123511717494,0.33644123511717494,0.33644123511717494,0.33644123511717494,0.33644123511717494,0.33644123511717494,0.5646508592980466,0.33644123511717494
0.10617957928467875,-0.1713426462273661,0.4744471674244717,-1.7034415356414805,0.3757725983535224,0.8885279483472053,-0.7404834642615914,0.8321424803066627,0.9035053382954744,0.7484453011839826,0.7369920029882475,-0.9757165887432296,0.5607874153615524,-0.93783260240349,1.3907110230832864,0.9087914759242753,1.0885201553035044,1.8162451022017552,1.1167128893237754,1.0294916184485614,0.17754243727349037,-0.01363954030147391,0.6312692504122303,0.2779790522207065,-0.30085301813298704,0.6471276632986329,-1.9175301096079151,-0.9783596575576299,-1.3915594155422302,-1.358080543893158,-1.2699782500798105,-1.117561281782719,-0.6506191245719769,-0.38014508256499985,1.1783844949931188,-0.2374193665873768,0.14318254268628477,0.3193871303129799,-2.889298410369139,-0.10438490292922195,-0.15548423334096353,1.173098357364318,1.8074348728204206,-1.077034226628579,-1.2364993784307383,-0.6206643446754387,0.8638593060794681,0.9872025174181547,-0.9598581758568269,-0.4294823671004745,0.15375481794388648,-0.4294823671004745,1.1387384627771124,-0.4294823671004745
-0.38647198779531194,-0.19788364355847088,-0.5262998475906884,0.036596921329160384,-0.1455378293786633,0.04233344891050917,-0.41515462570205586,0.02870919590480589,-0.4524420549808229,0.6547077682194913,-0.39794504295800953,-0.375715998580283,0.6145520751500498,-0.22011268793619743,-0.32767258008648703,-0.08602135572216978,0.24956550778673373,-0.057338717815425856,-0.04012913507137951,-0.10968453199523343,1.413363540852867,2.069478882969633,2.6158831350931044,2.6330927178371506,1.1896389651802648,2.265954952630829,0.9264757623858896,-0.48471002262590973,-0.1455378293786633,-0.7313807086239072,0.07962087818927625,-0.6345768056886466,0.37935444431474985,0.29402359654218696,-0.423759417074079,0.9680655873506682,1.2936135275922114,0.2079756828219552,-0.31763365681912664,-1.269180169375355,-0.4804076269398982,-0.43451540628910795,-0.4445543295564684,1.84145191161102,-1.4298029416531208,-1.6069182307272645,-0.6611082457523847,0.12121070315405477,-1.5352116359604047,-1.5574406803381313,-1.550987086809114,-0.8339211391405167,-0.7227759172518841,-0.9228373166514227
1.065344969352342,0.8258571385402731,0.6153655921763025,1.3800083524372577,1.327385465846265,1.8997935995809407,1.1845519165278562,1.393969526430786,0.2308963391237435,0.23304421204582487,0.7850475530207278,0.4800495980851783,1.5539860591258454,0.6185874015594244,0.3705080790590302,0.17612557961066946,0.5627427055853096,0.8398183125338018,-0.2169351651302148,1.4959934902296494,-0.0042957458441626436,0.2115654828250115,0.3490293498382169,-0.39628255412400626,-0.061214378279318034,0.06980586996764337,0.16646015146130344,-1.6356052301649366,0.33721604876676947,-0.7539033956505484,-0.5111937554553576,-1.04601411305361,0.24915325896143484,-1.3037588637033701,-1.026683256754878,-0.16001653269505944,-0.6196613380204651,-1.1158199830212534,-0.6808757162997832,-1.7569600502625318,-0.9085502460404047,-1.0180917650665526,-1.1931434082161814,2.3884346893544444,-1.1673689331512054,-0.9966130358457393,-0.7238331747414098,0.9858736712353325,0.5906650535723671,-1.0610492235081794,-0.9096241825014453,-2.0297399113668613,-1.253283850034459,0.1632383420781815
-1.2626450965304301,-1.2115869087665037,2.361142598188238,1.8854952700716612,-0.3274740785385158,-0.20789042824931972,0.5364842038879224,-0.21595224736993968,-0.33016135157872245,-0.8232759544566428,-1.358043289457766,0.3604678197543868,-0.19714133608849327,-0.29119589249572597,-0.09771223360084719,-1.3419196512165266,-0.914643237823669,-0.551861377395771,0.2193859851435376,-0.5962013825591808,-0.914643237823669,0.2986605398296338,-0.6875686659262068,-0.20923406476942305,-0.9589832429870786,0.5499205690889557,0.7447478645039378,1.200240644818965,0.6923460402199081,-0.00903222327402771,3.423959085589969,0.7232496801822846,0.6748787654585648,-0.7359395806499267,1.4273152167164274,-0.9321105125850121,-0.34225408025965237,-0.9213614204241855,-0.8367123196576761,-0.9079250552231523,-1.5139051257897518,0.8589569687127204,-0.006344950233820982,-0.47124318618957156,-0.5088650087524645,-0.4295904540663686,-0.9737632447082154,0.6197896681343286,1.3453533889901246,1.2015842813390685,0.25163326162601746,0.44377328400079297,-0.3556904454606856,1.6234861486515126
0.5954738362730473,0.5573494594907529,1.0306496493002142,-0.06286906035779435,-0.16515397367614545,0.14913966906569703,0.03011722447707038,0.18633418299964294,-0.11587124271366715,0.8428173539337874,1.3384342521036157,0.5406119282204772,0.9757877412476438,0.9534710328872763,0.5471209681589178,0.8130617427866306,-0.05914960896439977,0.5527001452490097,-0.1539956194959617,1.5206873703799506,0.5889647963346069,-0.042412077694124216,0.509926454224972,0.46529303750423684,0.7619192861274551,0.26537252510927783,0.24212595390056177,0.9534710328872763,0.2365467768104698,0.1816848687578997,-0.05450029472265653,0.016169281751840674,0.9079077533181927,0.6670732755958932,0.7210053208001146,0.3843949696979046,0.04127557865725405,0.5638584994291934,-0.603119375248358,0.27467115359276434,-0.2813868297197263,0.6354579387520392,-2.280591953669316,-3.003095386836215,0.6958990238947012,-0.6059089637934039,-0.8653406984826764,-1.5050863381465454,-1.0596820337875434,-1.7254638332051746,-0.6802979916612957,-2.524216019936662,-2.7975956973511638,-1.161037084257546
1.1285449224801756,-0.22297624993918483,1.1746598181270307,-0.5983987978334516,-0.49670954076602825,0.49180463258706475,0.35050386259221483,-0.030830851410623056,-0.13724984136490342,0.1565848142310818,0.8530379818207608,0.8246595844996196,0.7359770928710525,0.31562208255164514,0.3812471263567847,1.2172274141087425,-0.2259323329934704,-0.8419800415065821,-0.26140532964489716,0.7897778044590499,0.502446531582493,0.273054486569933,0.8725481299790457,-0.5599697181277393,1.089524626163606,0.5544735933379188,0.21275039226250753,0.9068386934087582,0.12229425080136909,0.14712534845736785,0.34163561342935805,-0.2123343509437568,-0.11300996031976185,1.0185786328607527,1.256838927036169,0.04188879172480178,0.7927338875133354,1.093071925828749,0.8406224329927615,0.869000830313903,0.9092035598521867,0.9440853398927564,-1.3054938644185587,-1.6483994987156843,-0.3719628358751773,-1.579227155245402,-1.8216259656968186,-3.6437555603584406,-1.7802408029368204,-1.0743281695734277,-1.3043114311968447,-0.5995812310551658,-1.7790583697151063,-0.5995812310551658
0.09850531893829831,0.13414724347597273,0.8534660841454041,0.6504151201125915,0.198950742635381,1.5781852164114525,1.5187820088486614,0.06934374431656447,-1.069037724250373,1.133201188850183,0.3123568661643454,0.06826368599724111,0.48192602229813025,0.8761473088511968,0.9085490584309011,0.87398719221255,0.0877047357450636,0.7346596690198223,0.3004762246517872,0.7983831098599072,-0.3756402832447052,0.7044180360787651,-0.7763419197137127,-0.30111625921138574,-0.600292413663987,0.04342234465280128,1.2228460293540306,0.325317565996227,-0.4177625576983205,-0.6197334634118095,0.021821178266331974,0.10498566885423902,0.3706800154078128,0.3890410068363117,0.26915453339140655,1.2595680122110289,-0.09806529517857333,0.2486334253242607,0.9560716244811337,0.2583539501981718,0.7422200772550864,0.41820258145804534,-1.2461672886194222,-2.2625021671028076,-1.4567786608874989,-2.2851833918086006,-0.03650197097713547,-1.7105923659285143,0.5672506295246843,0.7065781527174123,-3.3803625276025997,-0.7763419197137127,-1.627427875340607,-1.2461672886194222
-1.2755313711410476,1.3575429669761234,-1.1128471443008563,0.3844502768023863,-0.8763524812090966,0.7896545084691592,1.1195419684506582,-1.3749495097656088,1.0562758802350283,-1.1489991947097877,-0.5042876290838441,1.0351871841631515,-0.5524903629624193,-0.12167842892265349,-1.2454046624669382,-1.1128471443008563,0.9116676785993026,0.852920596684789,-0.659440178755508,-0.8989475127146785,0.5049571114988243,0.8122495399747414,-0.5720727236005904,0.12084157590392809,0.646552642267139,-0.37775545265258414,0.8077305336736249,-0.8266434118968157,0.09372753809722967,0.2579181003711264,-0.832668753631638,0.8348445714803235,0.7489834517591113,-0.21959023211350928,-0.1879571880056941,0.048537475086065374,-0.8567701205709253,-0.22712190928203668,-0.8100737221260557,-2.605625559102982,-0.8974411772809733,-0.9411249048584319,2.1528880759726143,-0.09305805568224926,0.6360082942312008,1.7582281923417797,1.5081765103466709,0.8544269321184947,1.6045819781038213,-1.9714583415129772,-0.6021994322746999,0.6570969903030773,1.1421369999562403,0.20820903105884572
0.5813445926583357,0.3933458236561577,0.7856737632051946,-0.0037617456132733934,0.018144890605200758,-0.8832136141658348,0.01894149555859982,0.16671171441412536,0.4064898053872423,0.605641043737007,0.653039038464251,1.0270450640851094,0.8422327148965276,0.47738764623975855,0.6052427412603075,1.2134506231804894,0.36108332304349583,0.3969305459464535,0.7012336381448941,1.06050247212787,0.5689972158806503,0.18184720852870748,0.7223436694099692,0.11811881225678275,0.8255040108751475,0.21968594381516282,-0.08581205581337645,0.753012960115833,0.8442242272800253,0.7976228375061803,0.17985569614520983,-0.06111730225800563,0.27305847569289976,0.6450729889302604,0.005399211350815842,0.653039038464251,0.2531433518579233,0.6673779276254341,-0.717121481382131,-1.1393221066836325,0.06833100266934154,1.101129324751222,-1.621666405966763,-2.2119506764354657,1.4827030974293713,-0.6338762637519293,-1.729208074675636,-2.12392582908487,-1.9172068436778136,-1.3500241168576834,-1.9598252086846637,0.29257529705117674,-2.1175529894576774,-2.41189851973863
-0.9998517087109402,0.43497993751491143,-1.1469477587736627,-0.5095315418351996,0.3265933743108004,-0.039856434617384875,0.5794953551203931,0.36272222871217075,-0.5869505155524218,0.3653028611694115,-0.44243509794694025,0.6801400209527819,0.04014317155707817,-0.5817892506379404,0.5665921928341894,-1.1521090236881437,0.4323993050576707,0.6362692691796894,-0.8140461717896069,-1.3017857062081075,-0.27469398822629193,-0.525015336578644,-1.7069450019949033,-0.8398524963620144,-0.23598450136768107,-0.6850145489275701,0.027240009270874447,0.4401412024293931,0.011756214527429988,0.39368981819905957,0.14594910230394864,0.5794953551203931,0.40917361294250415,-0.7650141551020329,-0.8243687016185702,-0.07856592147599602,-0.656627591897922,-0.6979177112137738,-0.9095295727075144,-2.1327493574396255,-0.2798552531407737,-2.106943032867218,0.889171249989282,0.5872372524921151,0.5201408086038561,0.7730427894134486,-0.5482410286938108,2.014327001346245,1.6711028845332263,2.628517526169541,1.376910784407782,0.004014317155707759,1.1394925983416337,2.806581165719152
0.3785475155537929,0.8575996382635599,0.4468400613488958,1.1367956343082457,0.4809863342464474,0.25702695612427107,-0.4269028039708051,0.6366531665735206,0.808388833205324,1.9372244431126155,-0.5685094062812395,1.2372258487128092,-0.3224553809900592,0.813410343925552,0.756165121714951,-0.04627229137751,0.9570255505240778,0.5763950379307825,1.2301957337044898,0.021015952273547266,0.6517176987342052,0.7099672230888517,0.4669261042298085,0.3554485662407432,0.8937545154492027,1.8729491058936951,-0.3566016538876108,-0.640819160652525,0.6778295544793915,-0.6468449735167988,0.5603262036260526,0.24196242396358666,1.235217244424718,-1.8751064956846084,0.18471720175298564,-1.040531413982687,-0.5855825427300152,-0.32345968313410495,-0.7040901957273998,-0.542397550536053,-0.07338844926674212,-0.4359415232672158,-1.7154224547813528,-1.6782632754516642,-1.8038010434573684,0.3715174005454734,1.6841403028131159,-2.185435858194709,-1.1379487219551134,-1.2263273106311292,-0.08945728357147238,-0.7683655329463205,-1.6360825854017478,-1.6079621253684697
0.35813212623277074,-0.1075130256006166,-0.21484258187426966,1.4512423762813609,0.37794681354482984,0.57609368666542,1.074763317352239,0.9294556103971396,0.7478209767032652,0.955875193479885,0.5001373853025273,0.8931286836583647,0.4076688445129184,0.5133471768438999,0.4885788177038261,-0.02495182846703727,-0.2907988832371627,1.3075858932689328,-1.3129065037508745,-0.5170165633831699,0.8056138146967707,0.7197501696778481,-0.07283732280451327,0.668562227455029,0.27391970515651987,0.3515272304620844,-0.20658646216091178,0.34657355863406963,0.14017056580012138,-0.449316381733635,-4.6979155862276265,0.30529296006727996,0.16659014888286675,-0.6028802084020926,-1.9056958991699742,0.17154382071088153,-0.8621223674015316,-0.4047333352815022,0.37629558960215825,-1.2650210094133987,0.006421426443722877,-0.6524169266822402,0.8138699344101287,-0.9017517420256497,-0.24456461284235825,0.3845517093155161,-0.7498391392998637,-0.04641773972176789,0.14677546157080773,1.3373079242370216,-2.524904877671819,-0.07283732280451327,0.5546277754106895,-0.023300604524365682
1.0152030470984237,0.6203248598601968,-0.12039435410954916,-0.022320033096133368,2.148219545121833,0.32094009045082217,0.4474043464944373,1.0100412407292967,0.044783449702519636,0.4035289923568566,1.4178239438903417,0.5867731184608703,-0.4094555107806695,-0.4739780903947589,-0.03264364583438754,2.2256466406587405,2.8760342431687613,0.6306484725984511,1.0771447235279494,1.2887787846621628,0.18415222166895265,-1.0727476292135083,-0.9359597604316388,-0.9720924050155288,-0.2675058356296729,0.6048394407528154,-0.6649649260524635,0.6358102789675782,0.4035289923568566,0.24867480128304206,-0.11781345092498557,-0.40429370441154233,-0.11007074137129484,-0.06877629041827761,-0.13587977321693062,0.07059248154815541,0.3364255095582036,-0.22363048149209208,-1.6405463298174945,-0.7346493120356801,-1.2224400139181955,-1.0159677591531098,0.38546267006491153,-1.91154116419667,0.3622345414038393,-1.4289122686832814,-0.3165429961363807,0.3906244764340387,-0.2700867388142365,-2.6470985717972884,-1.0314531782604908,-0.11265164455585842,0.11962964205486329,-1.4908539451128078
-0.3919297548791257,0.6132462947080839,-0.768495707784185,-0.41443369628779475,-0.6214699572475478,-1.481120519058699,-0.8975183051938862,-0.9485272390535358,-0.009362750931755036,-0.4639423673868658,-1.0670479971391917,0.9988138241766105,-0.9080201445179319,-1.1975708573094712,-0.741490978093782,-1.3235929291980169,-0.06337221031256005,-1.3175918781557052,0.04464670844905047,-1.1465619234498217,0.7002615348216035,0.7842762494139671,-0.0003611743682873124,0.532232105636876,0.412211084790642,-0.17889244287706052,0.7677733590476101,0.022142767040381577,1.0003140869371885,0.23217955352129105,0.8292841322313049,1.070826436684351,1.2928653252498838,-0.5764620744302104,-0.5704610233878991,-1.5831383867779985,-0.4099329080060608,-0.26290715746942406,-1.0910522013084385,-1.9357001355138106,-0.6409733731350611,-1.1900695435065816,0.890794905415,0.5052273759464734,0.5757397256936357,1.2373556031085005,0.22017745143666764,-0.11438114417220986,2.8336351803634123,1.6409262857039624,0.5457344704820772,1.3678784632787802,1.064825385642039,2.1330124711735214
-0.9700363707996429,0.6207590679688456,0.6105895994105082,-0.3593839968918609,-0.2838393733156404,-0.9569613397960662,-0.026212836504427035,-0.6131364504427552,-0.8785111537746065,0.9490876242808807,0.7379500865934954,-0.4857759632597681,1.8343156492637716,-0.19957806240370224,0.5873450998485943,0.6067155161501894,0.14376256654206898,-0.3288755912168487,1.2071984214996339,-0.1835974689548863,0.1917043468885166,0.7161583682542008,2.0096179167932062,1.9858891568237522,0.28226104309847305,1.4328637714132155,1.1955761717186768,0.7064731601034036,-0.11434823067668431,-0.7080514903205707,-0.11095840782390504,0.441582717179092,0.5127689970874535,0.39315667642510443,1.6512652152136988,0.2788712202456941,1.151992735040088,0.16410150365874374,0.9335912912396049,-0.5622891076510683,-0.04994159647388086,0.04448918299639474,-0.7051459278753314,-0.5342020040137556,-0.9061139970043794,-0.7908600200098892,-0.6247587002237122,-0.7555090102594784,-0.6286327834840312,-2.6349236519217323,-1.8915839263480247,-2.4179749893438682,-1.2615611361386476,-1.4073235188081497
1.0682652554170136,0.3521312536471806,0.7712361115653509,0.12462651379596185,0.13409227772090507,-0.5608253566309521,0.061630222847202584,0.25159831265123317,0.42002362938470333,0.5956298704750271,0.5365504473572789,0.7552422345887227,0.6977948397338957,0.6680919253487293,0.3563745271307756,0.8028974598660225,-0.011811048984252451,0.5274110890849201,0.46767885466200315,0.9416198622143265,0.4666996377042504,0.056734138058439014,0.6906139153770424,0.19513013475415877,0.6054220400525544,0.5048890990566071,-0.21483536489165267,0.7261921315087251,0.5815944274139045,0.42361409156313007,0.47616540162919363,-0.05652862338829392,0.42851017635189376,0.7288033767293991,0.7480613102318693,0.32601880144044104,0.7973485637720905,0.6344721431325523,0.05967178893169718,0.23070835088584132,0.22581226609707775,0.5806152104561518,-2.116801102500047,-2.4722568581642896,0.3296092636188676,-2.3570356628020512,-1.1643494082592207,-1.8295641282259119,-2.2666212970362154,-0.6404683358615079,-0.6404683358615079,-0.6404683358615079,-3.737078761928238,-0.6404683358615079
-0.30489364119364504,-0.32406475218372965,-0.24525018478004837,0.0881141341030898,0.004506788951887378,0.10728524509317432,-0.10785722268444188,0.05190203556626336,-0.44441672673259425,0.5785750569327548,-0.19519228386149415,-0.42737573918585237,0.7324764757142677,0.16053833117674277,0.23083240480705314,-0.23193691325915633,0.20527092348694026,0.5130737610499658,0.3959169716661152,0.07054061569551226,1.2138843739097258,1.4178436936097933,2.1761676394398073,2.5569272049373217,0.9955467209670954,1.624998198474874,0.7196957350542109,-0.3368454928437861,-0.0013510505173050928,-0.5290891336054679,0.36076993485096015,-0.48755172646028466,0.2792927131431005,0.22071431845117517,-0.30808882635865914,0.9023538203208508,1.1036504857167393,0.2707722193697295,-0.24312006133670563,-0.9636343160473863,-0.16909827168054567,-0.20531037021737208,-0.3597443198597205,1.9296058508728855,-0.8193184527609159,-1.6830835090363954,-0.40713956647409644,-0.08229574136432914,-2.392947146530362,-2.651224614035669,-0.5876675282973932,-1.5930857935551648,-0.4966047510944913,-2.3130675174050097
1.0636520756115664,0.32839450455752817,0.6856229677387645,0.14932808503883235,0.18309145033528682,-0.46836062471505224,0.21956794320020628,0.26056631534590113,0.36999579394065946,0.6370881301251115,0.5098725930259705,0.8098239186507218,0.6584916920541136,0.7501351121444897,0.5077623826949422,0.8544397942210367,-0.0529506481211757,0.5421286652288333,0.5128871792131541,0.8089195427945667,0.49359382761517995,0.19997313298351402,0.6437202197369147,0.1710331055865532,0.561120558208089,0.5174090584939293,-0.21242225742317908,0.6232210336640676,0.6554771058669303,0.46073483817488076,0.5279601101490712,0.029347554788931966,0.4718888070674594,0.7178790399416273,0.7196877916539371,0.375723507696308,0.6527639782984651,0.6955711021564697,0.11586617836109636,0.28016112556259337,0.39411248343812677,0.5547899272150036,-1.6666586341204654,-0.523527551940509,0.3910978972509434,-1.9289276324054239,-1.0215371900632115,-1.7411189129438962,-2.07332631077151,-2.6506195656171365,-1.8626067362873884,-0.523527551940509,-1.9219940841749017,-3.4573228293074227
-1.3147303893082594,-0.3248908733749006,-0.8613200303968501,1.2971687204771847,-0.6793172806929743,0.008780834415538313,0.27539889757823344,-0.7639325941517935,1.1694474926148157,0.24666162130920044,-0.7367918332310402,-0.19238009946769272,-0.04869371812252774,0.3791723952164081,-0.11894039344683052,-1.1215520321664265,0.5899124211893169,0.843758361565775,-0.35682118034049265,-1.209360376321805,-0.27220586688167336,0.24825813665748003,-0.6601590965136189,0.051886748819087856,-0.11095781670543246,-0.253047682702318,1.2780105362978293,-1.1598684005251372,0.49731453098909933,-0.1173438780985511,1.0896217252008353,1.0273576266179303,1.0800426331111574,-0.7431778946241587,-1.4296794943843916,-1.0752530870663175,-1.0273576266179292,-0.7958629011173858,1.6276473975710641,-2.5216959926076457,-1.0592879335835212,-0.6585625811653391,0.013570380460377151,0.17481843063661787,0.5579821142237247,1.8735107612061241,-0.3488386035990946,-0.3121187505886637,3.516325054585845,0.6170531821100702,0.06625538695360438,0.38555845660952653,-0.1412916083227451,1.4999261697086954
-0.4891165559313067,1.4047413134861901,-1.7258557954656655,-0.30344421579233644,0.5926266431392159,0.8784005927444135,0.8735569664799188,-0.0806374076255721,0.22451104703760516,-0.4358366670218632,0.21966742077311027,0.40533976091208057,0.3859652558541011,-0.7409851216850404,0.8784005927444135,-1.267325842426817,-1.180140569665909,0.19222020527430597,-0.9185847513831858,-1.226962290222693,0.19706383153880086,-0.23240436391307825,0.9639713234171564,0.029151454369645124,0.2568018888009043,-0.16297905412198505,0.3762780033251113,-0.6198944650726684,0.03399508063414001,0.07758771701459387,-0.01767026618713873,-0.11292824938887126,0.6701246633711339,-0.9315010880885056,-0.7312978691560506,0.389194340030431,-0.9734791823807946,-1.2011296168120535,-0.29698604743967666,-0.5763018286922146,-1.1155588861393106,-0.44875300372718274,-1.4336236775078077,-0.23240436391307825,-0.006368471569984006,-0.49557472428396654,0.8057461987769904,0.23581284165475988,2.938556297242901,1.1238109901454874,1.093134690470353,-0.4261494144928733,4.052590338076723,-0.915355667206856
1.210510527630325,0.29050673553982687,1.105253033676452,-0.40632452190163676,-0.19247860064091982,-0.34636772154816475,-0.6801272435158254,-0.3743475617131182,0.17658881486823005,0.2551988419983378,1.3370859950432106,0.7728258850499794,0.6429194842841234,0.74551223155562,1.1618789006769532,1.0026602864049554,-0.23578073422953846,-0.9013012181530776,-0.4089892685840132,1.1632112740181415,0.23854417523348442,0.14994134804446474,0.38910236278775856,0.048014787443562315,0.6222676974957053,0.22655281516279005,-0.9592594584947673,0.3004995355987389,0.431072123035189,0.38310668275241144,0.19390966830367753,-0.46961225560807945,-0.10121102676952355,0.865425832262564,1.115245833735364,0.1239600678912935,0.6315943108840232,0.7261928181083901,-0.04525134643961637,0.3171542023635922,0.9533624727809895,0.8667582056037523,-1.1437931662493424,-2.9658137103242965,1.604893036622052,-0.018603879615851047,-0.8599976445762415,-2.003173971315775,-2.4548485339785966,-0.9339443650121902,-0.8213588176817818,0.22855137517457247,-0.9206206316003076,-3.037095684077869
-1.3586823990034944,-0.35714669129954385,-0.28401868724496965,-0.6210434015834417,-1.3944515314214925,-0.43901826105629516,-1.10591386324964,-1.4508872736810006,-0.7839916714876559,-0.12504476538719964,-1.2330930007358558,0.8852345080189279,-0.5272487876873575,-1.5263998865634412,-0.8602991539793856,-0.3635056481738545,-1.0892216014545741,-1.9127065166778219,-1.300656917525408,-0.37224921387603177,1.413027928586724,0.8025680686528875,-0.33409547263016715,0.6531325821065839,-0.005814323993872284,-0.03760910836542629,-0.07814745843915774,0.20164664403051732,1.4670790620183658,0.3876461326041081,0.5227739661832125,0.7898501549042659,0.905901117860438,-0.4811463503486043,-0.6965560144658824,-0.7251713204002811,-0.17989076842813037,-0.6417100114249519,-0.4914796552693593,-0.8642735020258298,-0.45650539246065003,-0.8308889784356982,1.7111040320700424,0.6245172761721852,1.8048986459661265,1.1944387860322905,1.0783878230761184,0.4981330082952582,1.2858487911005079,1.1674132193164695,1.3470537510157492,2.001231439460472,1.971821263916785,0.2151594273884278
-0.6574563080753992,0.8164573694058631,-0.740648453875726,1.6044282598165063,0.45700451302331885,-0.10807421316758047,0.9184854727458867,0.5072337331291765,0.6265281308805887,-0.15673377014513012,1.135098984452398,-0.10964387629588851,-0.02331240423894558,0.9718540191083603,0.840002316330484,-0.43456414385565567,-0.7076855281812569,0.18545279182602556,-2.6572071335398593,-0.3733472818516416,-0.16929107517159456,1.111554037527777,-0.3325360405156322,0.18545279182602556,-0.028021393623869746,0.28591123203774094,-0.5428708997089112,-1.063999058307185,1.164922583890251,-0.5569978678636838,-0.010755099212481141,-0.7720417164418871,-0.42985515447073147,-0.22579894779068452,-0.8929057773216074,-0.9227293767594602,-0.768902390185271,-0.054705666805106634,-0.8097136315212804,-2.266361014591154,-0.7500664326455744,-0.3906135762630302,1.2355574246641134,1.808484466496553,-1.261776612474,1.9042339173233442,-0.8458158834723657,0.7677978124283134,1.1570742682487107,-1.5396069861845252,0.12894491920693563,2.5870373781373477,0.8886618733080335,-0.684140581256636
-0.3026653542963538,-0.5191824998144317,0.33053047054608226,-3.4476158348790813,0.25186776659886706,-1.3034730233277565,-0.8400640248268346,-0.6110854608616731,-1.2458389630099946,0.02211036398076291,-0.05811001727233788,-0.1796088471314031,-2.1710992827059528,0.46604839615811666,-1.5184324915399487,0.4333371727345221,-0.3026653542963538,-0.3026653542963538,-0.24191593936682115,0.8352179176529685,0.0003028816983665678,1.5252689641602237,0.9123229442942985,-0.3026653542963538,-0.030071825766399767,0.4271064635109803,1.5431822531779065,-0.050321630742910614,-0.8424005407856627,-0.14767646236075135,-0.26450226030216023,0.042360168957273715,1.4310294871541538,1.2215218895125606,0.04936971683375829,1.695834629154681,0.3172902134460559,0.339876534381395,0.6560850274761416,0.322742084016655,-1.0815040072390796,-0.3026653542963538,0.17865693322225076,-0.3026653542963538,0.6451812863349435,0.17709925591636533,0.08052326295146736,-0.3026653542963538,-0.5853837853145633,0.41230852910506843,3.5261054635700866,-0.3026653542963538,0.018995009368991962,-0.3026653542963538
-0.8186411883529606,-0.1788774696258782,-0.8151452117478946,1.5813467510248655,0.2721035124276391,-0.07749414807896336,0.2511276527972431,-0.3659122179969103,0.8069879330027411,-1.2696221704064783,-0.9410003695302716,0.8629235586837973,-1.1490109775317001,0.08332077575407373,-0.21383723567653848,-0.3764001478121086,0.3472670094365587,-0.7120139018984469,-0.7364857381339092,-0.8046572819326969,-0.4131079021653017,1.8452929847073505,0.5937333600937134,0.29307937205803525,-0.98644806539613,0.13750841313259718,0.1549882961579273,1.4100438973766303,2.2892820135507357,0.3857227520922849,0.8804034417091274,0.30881126678083237,1.1111378976434851,-0.8728288257314842,-0.4166038787703679,-1.0318957612619883,-0.03729041712070404,-0.8780727906390835,-1.9880453627475463,-2.028249093705805,-1.6786514331992028,-0.7924213638149655,0.2686075358225731,-0.47079151614889114,0.14799634294779526,0.5954813483962464,-1.190962696792493,0.9275991258775188,2.6843273699231966,0.48885406194173264,0.5203178513873269,1.7037059322021766,-0.18761741113854327,0.4801141204290676
0.07006625714754981,1.2782530740920046,-0.16673144517203584,0.7078644480667255,0.5661315167513531,0.422670135054086,0.6490971350823029,-0.3948868955821474,0.6681100892831455,0.3760019747429268,0.8668818832010459,2.671384081899202,-1.1554050636158528,-0.6524260024844706,0.09772146325786636,-0.4484688574208857,0.19451468464397437,-0.48822321620446585,0.5367478602591418,-0.4743956131493075,1.549619784049486,0.15130342509660472,1.1175071885757897,-0.07685202531350692,0.5903298220978801,0.8634249824372563,-0.17883059784529923,0.05451020371049674,1.2246711122532663,-0.07512357493161217,-0.47093871238551793,0.26538115030166054,0.051053302946707166,-0.6852665597404713,-1.0033014300091119,-0.6956372620318401,-1.5304787964870215,-0.34649028488909345,-1.2003447735451174,-2.3705056820878863,-1.082810147576272,-1.6341858194007084,-0.4069860482554109,-0.06302442225834867,-0.40007224672783176,1.9609909749404448,-1.9833327965434546,1.5962879443606453,0.2688380510654501,-0.7474907734886836,1.4562834634271675,0.45723914269198174,0.011298944163127116,-1.9919750484529288
1.1976545004673376,0.09283328170781387,0.8749847519978504,2.4651012724554824,1.9772246127696185,2.0030381926471774,1.040191663214228,-0.033653259692225,-0.09302449341061064,-0.033653259692225,0.7097778407814732,0.8233575922427327,-0.5705757211454515,-0.108512641337146,1.3835122755857623,1.0634238851040307,-0.531855351329113,2.2973130032513494,-0.6609232507169079,0.22964525505887645,-0.13690757920246088,-0.2892077004800588,-2.4704552001337916,-0.3072772063943501,-1.3062627476558821,-0.12141943127592549,-0.22467375078616134,0.16252994737722307,-0.13690757920246088,-0.08269906145958704,0.39743352426300965,-0.2685568365780116,0.7768931484631266,0.38968945029974195,-0.6454351027903726,-0.39762473596580644,-1.4688883008845035,-0.033653259692225,-0.09302449341061064,-0.7641775702271438,0.07992649176903445,0.6633133970018671,-1.781232617402967,-1.3759594133252915,1.6571362222878874,-1.262379661864032,-0.31502128035761773,-0.8132233719945058,-0.6996436205332465,-0.4673214016352157,-0.5602502891944279,-0.3924620199902946,-0.6247842388883253,-1.2133338600966699
0.30668299291221485,-1.1448201771541717,0.04871327312382389,-0.9730016958692209,-0.7605275739421974,-0.2533000573601457,-1.0635088958700258,-1.0451170584367073,-0.08922550762606607,-0.26152798463294613,-1.0838367161910625,-0.62888073757739,-0.2329722370391093,-1.1438521857103128,-0.559185353619551,-0.19134860495317754,-1.567832438120501,0.03758137151944685,-0.39704678677318894,-0.0437299097646988,0.3284628003990395,0.3947702143033726,0.8821539062863172,0.1140526955842981,0.040969341572952976,0.06904109344486033,2.149254706297587,0.6406400410435275,-0.6119408873098597,0.55206882393044,0.8845738848959642,1.1154398442563063,0.8666660431845751,0.7640589501355343,0.7519590570872983,-0.23539221564875654,0.6358000838242329,0.758251001472381,0.8444022399758208,0.6851676474610356,0.8381102955907384,0.11550468275008648,1.3351739020122717,-0.13230112687778608,-0.7290678520167839,-1.2256474627163878,1.5002164431902099,-0.22522830548823827,-1.4400575675311291,-1.2198395140532345,2.4774038057657464,-3.032887488400912,1.895156952284632,-0.740199753621161
0.8015810066274278,-0.011321110459257412,0.4231138197122498,0.44581402327076103,0.028208554358150003,0.37849617823517606,0.015684304118971405,0.039558656137405605,0.6857316919150257,0.08182800069463331,0.3432717244374863,0.43407253867153106,0.8180190850663497,0.44581402327076103,-0.15808966794963145,0.02507749179835535,0.542876962624395,0.812539725586709,0.05677950021627615,-0.03284716555784561,0.4798643286085278,0.5859290728215714,0.8720299142228073,0.6105861904799542,0.5753617366822645,0.5002162352471929,1.1232976846463276,0.1530596739299615,0.9154734072399581,-0.0007537743199504825,0.5276130326453962,0.37184267029561247,0.8219329132660929,0.008639413359433454,0.3143093957593858,0.6383743706981316,0.10452820425314452,0.006291116439587479,0.8446331168246042,0.31313524729946285,0.9655704081966723,0.22233443306541809,-1.671958415610343,0.8642022578233206,-2.073125806084032,-1.7831111364830532,-2.057470493285059,-0.32951534309838837,-1.1639435152836617,-4.050000429774377,-0.6680614823761845,-0.07629065857499633,-1.660216931011113,-2.460986180678594
-0.6724403174920732,0.26400523524354036,-0.3677285671034943,-0.31547549237404615,-0.3172368319716681,-1.0247082370164418,-0.2602868516485618,-0.23621521048106328,-1.2020164231770412,-0.13170906102216726,-0.3366115675455083,-0.35187651072489773,-0.3248693035613626,0.004501201193922125,0.08787127548135601,-0.3201723979677045,-0.29668786999941327,-0.6119676579737231,0.03620531395111521,-0.07710753349588999,-0.43231101901629526,0.16478310457750986,-0.18748481494685895,-0.18278790935320072,0.18122227415531375,-0.2086208901183211,1.100054430914709,0.9286173767461828,-0.7370227694048743,0.580459249616265,-0.48808677294098685,0.47419176055974704,-0.2379765500786852,0.3227165551642685,0.6162731547679092,0.2951222348015264,0.18591917974897196,0.41548044063901896,0.6773329274854665,-0.009002402387845422,1.1699209016203755,0.021527483970933233,3.17080268451879,-3.2809842615700244,-1.356427194568556,-0.16282606058015311,2.3036364892896355,-1.2718828938827076,-2.0304331472585146,-0.44405328300044095,1.233329127134762,1.5444991227146208,2.296004017699941,-0.19746573933338268
0.8739039412773087,0.36385874971684823,-1.0660574189035303,-0.4378964987711736,0.9777026118404901,-1.47051430764972,-0.802981477993398,1.00454709560683,-0.230299157644811,0.37459654322338437,0.41396845274734967,0.40323065924081364,-0.7475028782096286,-1.2736547600298929,-0.1390279128392548,0.8345320317533433,1.3159431072963743,-0.40031422149829776,1.9637899821907134,-0.7152894976900206,-1.1537493992069077,-0.6705486914127872,-0.3305185637058136,-0.9944721288599568,0.011301196252249244,-0.08533894530657472,-2.6051411548403585,0.7003096129216432,-0.6240182528844646,-0.25893327366224017,-0.015543287514090804,0.14731324733503873,-1.7783310548370854,-0.7081309686856634,-0.05312556478696667,0.11867913131760933,-0.16945166110777354,0.04172494452076796,-1.0016306578643142,-2.0324588344917713,-0.38062826673631484,0.07930722179364404,0.28332529841782816,0.89716916054147,0.2350052276384161,0.49629153629745903,-0.7725577297248793,0.38533433672992035,0.6358828518824272,2.0836953430136993,1.8492535181209961,0.7414711546966979,2.1892836458279703,1.496695964656397
-0.233708520211162,-0.6924814113882658,0.4493770767801252,-0.3576145862799491,-0.9050444040407538,-0.8137170881021221,-0.7976947519725375,-0.8900902236531417,-0.4820547302197223,-0.20219792582297913,-0.5990177839656893,0.2448252521924293,0.01891031276528744,0.03973934973374729,0.6913143523368516,0.1743269732222574,-0.8446936046193187,-0.6988903458400997,-0.055860589172773714,-0.32610399189176614,0.25710904322511074,1.1228492720936618,1.0331241897679884,0.9038773449893396,1.0646347841561712,0.9722393124755669,1.6740176349513693,0.41519609303701144,0.6955869753047408,-0.04731534323699535,1.1960179404187643,1.0165677757674176,1.6286210159175467,0.48516029413619727,0.5380340033638262,0.08353373515461165,1.053953226736448,0.317993920517532,1.9666923082517802,1.3978993756515294,1.896194029281608,0.39062851097164847,-1.4834507383187554,0.0012857430227443817,-0.9541795681714798,-1.3969301232189988,-0.10285944181955504,-1.7157746121977313,-1.6100271937424733,-2.6675013782950523,-0.5060882344140991,-1.23724083979414,-1.6853321735515205,-0.4238402422822318
-0.0674795459359826,-0.5296237629402657,-0.45403140030759476,-0.43341530140777557,-0.3223174351143047,0.0018134531439655153,-0.1270371649799051,-0.6189601915061494,0.38492929103227447,0.9673340849521702,0.5515760904724806,-0.9923406493584325,1.1419982561867503,-0.1636880074684728,0.7760625007149574,1.0715599182790345,0.3757665804101325,-0.1092844131495052,1.5846717131189818,0.5200792727088679,0.9163665071165056,0.2383259210780039,0.9346919283607895,0.4358968688679388,0.919229854185925,0.11806534416239126,0.02701090735485581,0.23317189635304889,0.2755494329804554,0.08485051815712664,-0.06805221534986654,-0.16254266864070507,-0.8428739323347424,1.0394904311015376,0.9999762415435508,0.7325396252597836,0.7800711866121446,0.7520103853318351,2.1103822350643746,1.5245414246611753,1.5176693916945692,0.45937631483717745,-1.2460331997089866,-1.4894177006096316,-0.7065786118303815,-1.5821901456588183,-0.9024315513786649,-1.3491136942080835,-1.4974350724040055,-1.9698873388581983,-0.7088692894859169,-0.5771553242926268,-1.6028062445586377,-2.951442714255151
-0.08774494084991523,0.5729316796470525,-0.6146649449272514,1.0978250683240913,1.164703376533907,-0.29445971168025475,0.9802813751068392,1.3916843013672209,1.120117837727363,-2.221770957363127,-0.08977155625021269,0.6154906030532988,-0.4930680209094046,1.6875701498106483,-0.19718217246597736,0.11694321458012691,-0.9429766397754378,-0.33093878888560885,0.6965552190651966,0.2000344459923223,0.22435383079589158,0.3560838318152256,-0.8801515623662168,0.09465044517685503,-0.19718217246597736,-0.975402486180197,0.10478352217834228,1.6774370728091612,-0.2802734038781727,1.4666690711782264,-0.31269925028293183,0.9154296822973208,-0.9389234089748428,0.6864221420637096,0.7006084498657917,0.46146783263069296,0.3925629090205796,0.36621690881671287,-0.004653709437719894,-2.517656805806554,0.674262449661925,0.48578721743426223,0.31757813920957423,-0.8355660235596731,-2.090040956343793,0.35203060101463074,-0.12422401805526925,-1.2287294112173779,0.0054793675637673485,-1.1051058717992337,-3.1134817334940035,-0.0654521714466433,-0.17286278766240795,1.1890227613374762
-0.7816760802799471,2.0546584358652673,0.20531745538314106,0.4050055805108533,0.14935390439193505,0.8425387973511914,0.7166208076209778,0.26764050080516594,0.10738124114853041,0.6250440878171861,0.1875108709768482,0.08321516231141877,1.0676649002021794,0.1366349155302973,0.1925984665215033,0.7064456165316677,-0.5947069440138724,0.12010023001016816,0.5563615479643425,-0.33778336900879014,-0.1698927160351721,0.5932466156630918,-0.6837398660453364,1.4123494983525617,-0.1876993004414649,0.6275878855895137,3.354539097524643,-0.6481266972327508,-0.07068460291439782,-0.7740446869629644,0.10483744337620295,1.0549459113405415,0.1531696010504263,0.17987947765986556,0.2142207475862874,0.20786125315546852,0.6949985265561935,0.24093062419572667,0.07431187010827235,0.4940385025423175,0.2714561974636572,-1.8220893691619136,-1.0373277563988657,-1.2357439826404142,-0.5361995952503388,-1.1657895439014065,1.063849203543688,-2.268525878205398,-1.5753409852461415,-0.8109297546617137,-2.015417999858807,-2.274885372636217,-0.7168092370855945,0.5410987613303772
-0.6624482372613387,-0.20615226766812908,0.6520261828104118,-2.0857496347488462,-1.3480581949806076,0.44991893903829155,-0.37094740489770395,-0.31497924508388603,-0.849008769974065,-0.48910240894909723,-0.5264145154916425,-0.8637781454804891,-0.010263708319766505,-0.4129235247580674,-0.018814399402433128,-0.6064800774475209,-0.7324084370286111,-0.09421594804049332,-0.6189174462950359,-0.2737804607764924,-0.39115812927491594,0.1063366246256874,0.38073607482398897,0.3877320948007162,-0.08333325029891762,-0.47511036899564274,-0.29321384960073466,0.49034038779271566,-0.5746093197757636,0.005283002739627349,-0.5738319842227937,-0.04990782152122084,-0.3437406605437647,0.8906681975721074,0.5968353585495636,1.018151228259137,0.7717358579677444,0.4911177233456853,1.8343535588773143,0.6908929604588964,0.8805628353835014,0.27035442630229256,2.5883690452579162,-2.061652232606786,0.9256482974557436,-0.8738835076690953,3.7582590524773045,0.007615009398536428,-0.24035503199879554,-0.2325816764690986,-0.8746608432220648,0.628706116221321,1.5133139755008311,-1.7864754468555148
0.9012288438701033,0.687467390419215,-0.8896171105962282,-0.14620227803924965,0.5995876817782942,0.5188333549190697,0.5734612819120746,0.5330841184824623,-0.12007587817302995,1.7919015665821385,-0.039321551313805436,-0.1865794414688619,0.770596844539005,0.10793633884125094,-1.7256619063152583,0.10318608432012015,-0.4478434401310588,1.7681502939764842,2.0151635290752887,0.3383236831160974,0.6043379362994251,1.0817385156730759,0.19106579296104093,0.26231961077800364,-0.09394947830681029,-0.5689749304198956,-0.03457129679267464,-1.0131237281456302,0.5045825913556773,-0.8254886745609618,-1.2743877268078274,-1.1461308547372941,-0.25308300476469386,0.4689556824471958,0.1791901566582138,0.9724826616870662,0.12693735692577438,0.5117079731373735,0.8299750260531407,0.9796080434687624,0.5330841184824623,-0.14857740529981509,0.6542156087712991,-1.5142755801249352,-2.5807077201188116,-0.23883224120130128,0.6637161178135607,0.331198301334401,-3.545009387908375,0.03905764828485364,-0.4288424220465354,-0.7756110020890877,-0.03694642405324007,-1.6092806705475524
-0.4207573423152867,0.02093046080374519,-0.6914212486037165,-1.6603088032570805,-0.70926722044691,-0.37614241270730364,-0.27947673189000727,-1.1412884554842118,0.4856693108869014,-0.11217074586007095,-0.06160715897102351,1.107303996758131,-0.9040857464017691,-1.0223153098629238,-0.5092436193711195,-0.10473492425874027,-0.5181666052927164,-1.3636195213639941,-0.2378361309225561,-0.4869361545671278,0.645539475315507,0.7503845598942671,-0.07499163785341825,0.22095406187953573,0.11610897730077534,-0.0497098444088947,-0.5873197461850898,0.22541555484033385,1.2009953489348952,0.16444181770942354,0.4938487146483649,0.809127550544778,0.19269793979447963,-0.8951627604801725,-1.1784675634908643,-0.8877269388788421,-1.50415654962914,-1.0914684507552974,-1.6380013384530894,-1.5123359533906036,-1.500438638828475,-0.6453191546754675,0.7451794847733358,1.089458024914938,1.463479851461862,1.6642470346977856,-0.08242745945474893,1.2262771423794192,2.0330637861237784,1.3326093912784451,2.0501661758068384,1.3036096870332563,0.9987410013787058,1.9066548189011598
-0.26076179247907033,0.23804276986350167,0.5011331762339559,-0.561900546860772,-1.2008343909033037,0.7716476505090437,-0.7660624142381968,-0.9349599590686121,0.23757876561946206,-0.7614223717978007,0.5939340250418762,-0.7906546391722956,-0.9957445150377996,-1.1497939240589474,0.8839366775666274,0.3661079412184318,1.0305620186831417,1.2737002425598931,-0.581852729354475,-0.4987959696713861,2.090811716313632,1.2769482722681702,-0.18791312616485284,1.0305620186831417,1.949754426125593,-0.04035977656025942,2.0406992579573546,0.016248741212572002,1.3641810701476154,1.2096676568824278,0.524333388435936,0.39394819586080787,2.108443877587137,0.3698199751707486,0.569805804351817,-0.0988243113092493,0.8435683083351821,0.24917887172045214,-0.13037659990394226,0.45937279427039174,0.23433073591118486,-0.1582168545463183,-1.4226284195542334,-1.0175527145076608,-0.7386861638398604,-0.9437760397053643,-0.3410345266979214,-1.4699568524462727,-0.7020298285607318,-1.2945632481993035,-1.2170745394446898,-1.2370267219383926,-1.7001029574899156,-1.425412445018471
-0.32379063814829334,-0.010583090839817845,1.3427539979035203,-2.141095623464262,-0.37871882741507823,0.2582144311040231,1.1394028291286147,-0.2852240371737423,0.6099885793870498,0.4919514067073631,0.16705701061872053,-0.4313096469258298,-1.6853085210377488,-0.511948903508982,0.7619176135292208,1.3848266535121216,0.5760967179245655,2.0685073071518914,0.4136495198802442,0.5538917052422482,0.5562290749982816,0.4954574613414132,1.5203940993620588,-0.17303028888413913,0.07706827501143465,0.50013220085348,0.5725906632905153,-0.17653634351818923,-0.2419826966871244,0.4358545325625615,-0.6697213620412366,0.08057432964548475,0.31431130524882467,0.2687325950061734,-0.040968897668252034,0.231334678909639,0.2745760193962569,1.0657756818135626,-0.2665250791254751,0.254708376469973,-0.8987835981325096,1.1195351862023308,-0.4289722771697963,-0.5879134205800675,-1.0483752625186473,0.2699012798841901,0.08758643891358495,-0.2688624488815085,-0.9081330771566433,-4.43639272388906,-0.03980021279023534,0.34703448183329233,-0.2688624488815085,-2.0172150263944917
1.655551314270829,-0.4422882863944441,-0.07226118481937407,1.294698438354645,-0.47286903859073093,0.8268129297514573,-0.3169072023896683,0.7289545227233394,0.2366044123631224,0.7992902527747991,0.34975319548938344,-1.2465620691567862,0.3466951202697548,1.4292537480183067,0.19379135928832092,0.6158057395970783,2.0133461149673844,-0.011099680426800524,1.9093715575000092,0.7258964475037107,-0.48510133946924566,-0.9805095250490913,-0.008041605207171844,0.8665679076066299,-0.6165985739132788,0.34975319548938344,0.8635098323870013,-0.19458419360452117,-0.2312810962400653,-0.21904879536155059,1.0867493234198948,0.637212266134479,-0.2955006758522675,0.09899102747983185,0.5729926865222769,0.15097830621351938,1.2121304074246706,-0.8520703658246869,0.6708510935503946,-1.7970156086899485,0.6830833944289092,0.6525026422326224,-0.7205731313806538,-1.6441118477085144,-0.992741825927606,0.609689589157821,-1.637995697269257,-0.8734768923620876,-1.6777506751244295,0.33446281939124006,-1.2251555426193854,-1.5279049893626244,-0.6747020030862235,-2.699147798480408
1.1421636733477845,0.14702448415606253,0.31570582279439985,0.22773325862416655,0.23499704832629592,-0.8319729501420383,0.36574526296462434,1.6619281809223738,1.2414354659435523,1.2035023419435433,1.1615337792201295,0.1421819576879764,0.7636395210923768,0.7248993093476868,-0.30655882835468157,-0.2662044411206296,0.3851153688369693,0.4270839315603832,0.6595252020285226,0.11393388662413997,0.2826152252624773,-0.24360598426956045,0.6417692716455399,0.35928856100717604,0.29391445368801183,0.32377670024121025,-0.30736591609936265,-0.1564405078440082,0.6893874485817212,-0.56159855567389,0.4868084246667802,0.22289073215608032,-0.21132247448231892,1.7789559039011245,0.5061785305391252,0.27777269879439104,0.7184426073902387,1.7095463578585552,-0.3017163018865953,-0.2532910372057329,-1.3259106498868343,-0.000672573120567638,-1.3751430023123778,-4.126505123930041,-1.5954779566103017,-0.7375436840143567,-1.1725639783974369,-0.8206737217165038,-1.1322095911633852,0.02676841019858773,-0.12577117354612877,-1.994179302482735,-1.4719935316741026,0.08245746458157942
0.8936117815106344,0.030050178534621993,-1.1934311252550054,-0.1750917669803055,0.9206364689437386,-2.009085327781424,-0.6480237970596295,0.4022538281814666,-0.8457953732746193,-1.0386533699563176,-0.8236842653748068,0.26713039101594543,-1.2106286536215265,-0.5583509705770564,-1.3089002442873598,-1.0325113955397032,0.22905014963293496,-0.5214991240773688,0.017766229701392855,-0.6566225612428899,0.9783710284599157,0.41822296166466455,0.19956867243318488,0.26835878589926837,0.17500077476672646,0.11972300501719511,-0.593974422193421,0.8825562275607279,1.568000572454917,0.28064273473249757,-0.6418818226430147,-0.32495594274570166,-0.5264127036106604,-0.5804620784768689,-0.5092151752441396,1.0606734856425513,-0.945295358823776,-0.8126287114249006,-0.3163571785624412,-1.489474292135829,-0.9981163388066612,-0.4625361696778686,1.5274635413052609,1.4009388683229997,0.41822296166466455,1.7780560975031363,-0.5730917091769313,2.038475812767595,0.9660870796266865,1.9242350886185637,0.8923833866273113,0.058303260851049164,2.506494263313627,-1.4255977582030372
0.6265554257171416,0.8317557489179259,0.15909740301518732,0.5258457193556176,0.8743769215760452,0.5605613519239246,0.5224085280122209,1.2744659939474239,0.4192927877103192,0.7148912432424374,0.5138155496537292,0.3086152264529448,0.8217878940220754,1.1132617199421175,0.40004451618729764,0.14500491850726063,0.4309792382778681,0.8901880017556703,0.7303586042877226,0.9510262885337923,0.6533655181956362,-0.10865980263541745,0.3144584517367192,0.3687660749623874,0.5447502717442997,0.3271760597072871,0.24365231006274674,-0.2891123481637454,0.18796981029971968,-0.40047734768979926,0.6523343607926171,0.3911078186944661,0.07454249596762787,0.5062537286982564,0.7307023234220624,0.13675565928310865,0.505566290429577,0.5873714444024188,0.23780908477897217,0.18762609116538004,0.31377101346803976,0.6031825245820439,-1.5763405062658185,-3.081142876404904,-1.357391417691447,-2.0984498713277806,-1.7530121413164097,-0.43381810372074747,-0.33688930783695986,-2.1737243617481687,-2.4153589131889586,-0.4211004957501796,-1.8361921718266105,-2.099824747865139
0.40749347448188944,-0.7851407506207082,0.5206993876056997,-0.26181166100449754,-0.6674661830314845,-0.5676662333039147,-0.23648928570048736,-0.49716079618294523,-0.3943817434784334,0.01772750166526197,-0.5622045445128538,-0.2772036930520332,-0.04433714368770419,-0.04979883247876521,-1.1456122108307358,0.6249679917986828,-1.0294271947299831,-1.5353781836473632,0.27144777186818764,-0.26131514384167387,0.026664810596089106,0.09667373055423494,0.5336088338391167,-0.32486934068311124,0.7654823488777982,0.18157816539709262,-0.2379788371889586,1.3310153973340257,-0.42020063594526724,1.3930800426869918,0.5043143212325166,1.2560413057476427,-0.49517472753165037,1.6979415806607618,2.3831352653575086,0.8250644084166456,1.0425389257334392,1.897541480115901,1.061406577920741,1.1165199829941748,1.1701438365791377,1.145317978437951,-0.354660370452535,-1.7821472135707566,1.2858323355170664,0.4134516804357742,-0.21414601337341957,-1.574106522347614,-1.8561282708314923,-0.6729278718225454,-1.1004291490137765,-1.3526598677282309,-1.5045941195522918,-1.7642725957091026
-1.2704709669261536,0.5866575893080623,0.8101375889810185,1.3644460597855554,0.11432431489011126,-0.37167149225893725,0.45881531875279047,-0.9874613603534144,0.6705845760848055,-0.11110747517300153,0.9711602961689563,-0.7981376925082028,-0.2770096583363314,-1.126038478054549,1.1243758417962664,1.7567559282070768,1.0004371520213085,1.0570390733358561,0.638380034647218,1.847514181349369,0.4695501658986529,-0.5727059024450899,-0.1930826715595881,0.3622016944400278,-0.3853340249900349,0.27632291727312736,0.4119723493890267,1.7011299020876074,-0.16087813012200042,-0.6732231075381662,1.2629529594974012,-0.38826171057527026,1.3049164528857728,-1.1992306176854297,0.3016961923451663,-0.116962846343472,-0.8352217099211824,-1.1992306176854297,0.4617430043380256,0.3924544454874585,-1.095785727007118,1.8182373254970168,-0.7747162078263209,-1.0333284345220999,-1.4656500059418358,0.047963441624779474,-0.30335882860344854,-0.6439462516858139,0.5027306025313188,-0.5541638937386001,-3.4057296537577164,-0.3931411865506623,-1.1562912291019796,-0.22235952741194046
-0.10005918626104689,1.3953684124860182,0.6538472734866718,1.5240159376787927,1.5627700058269265,1.0781443907373758,1.0945249762432878,1.6558596746775989,0.5124149010697708,0.7449393099585744,1.2415507193207445,0.4776560976791766,0.959884553914204,1.6266942419475598,0.34860904601064796,0.17361644963041437,0.9618821862929737,1.3821840387861375,0.9730689276140844,1.5679638500117279,0.7840929045824622,-0.4096922049703644,-0.5019828208695287,-0.2982243182350101,0.5535661280724286,-0.46522638510016456,-0.3821248781433413,-1.6538176504681898,-0.9019088230992406,-0.9154927232748753,-0.3249925921105253,-0.6190440782654384,-0.8947173465356695,0.23234684156624621,0.7249629861708765,-0.5311482535995676,-0.22750813202655953,0.15324059936696252,0.017401597610616756,-0.5387392566388928,0.2754957009476736,0.31624740147457736,-1.1232464906669335,-1.3785439086737128,-0.49399229135444955,-1.6082716322322388,-1.2618821777535567,0.25072505945092827,-1.898327853629612,-1.3118229872228016,-1.375747223343435,-1.1428232879788776,-1.4464634095518856,-1.4372743006095443
0.15290202025385086,0.1429792836912887,-0.16561782340439357,0.629193375256833,0.021921897628030713,0.5250046413499306,0.7571966769138846,-0.18248647556074918,-0.26385291537375866,0.7631503188514218,0.22136890253552957,0.15091747294133842,0.7274284672261982,0.8822231576021675,0.3176194471923823,0.15984793584764434,-0.24003834762360954,0.2322839127543479,0.6401083854756515,-0.03166087980980478,0.7790266973515213,1.2602794206357844,1.034041027009368,1.92708731763996,0.5994251655691466,0.7055984467885615,2.049136977359474,-0.9326453596904463,-0.13684188737296338,-0.4295626159685463,1.8318290466393634,0.8931381678209858,1.0915928990722286,-0.6627469251887563,-0.4444467208123895,0.24419119662942243,-0.24698426321740302,-1.047749103816167,-0.1090582249977894,-1.080494134472622,-0.11203504596655803,0.07054330678458517,-1.643113297569895,-1.5419013846317609,-1.9755249724157264,-1.0259190833785303,-0.7659433854394025,1.1382297609162704,0.25113711222321594,-0.3809412068119918,-2.063837327822529,-0.6528241886261942,-0.7272447128454103,-3.335932155142994
-0.24385233127627676,-0.6854691411712017,-0.6753248040373214,-0.12888317709229935,0.27147999512484533,-0.32094929349376755,-0.38519676200834313,0.3005604282419691,-0.8687434987233068,0.7354143467143069,-0.24385233127627676,-0.5576504932843092,0.543348230312839,-0.2337079941423964,-0.14105638165295595,-0.06531199771998254,0.1653025997902309,0.543348230312839,0.12269638382793342,-0.13970380336843857,1.4590437289311056,1.6220294122154504,2.3632423121309745,2.40720110637779,1.4901530294750056,2.2117535442650285,0.512915218911198,-0.3419142569037869,0.09361595071080979,-0.5637370955646375,0.4750430269447111,-0.6861454303134603,0.355339848764923,-0.04705219087899796,-0.5021947836190965,1.1195465795172432,1.3440745747471283,-0.17892857361944256,-0.21341931987463575,-1.0729828196854314,0.05980149359787523,-0.1687842364855622,-0.5062525184726486,1.970994609620934,-1.0351106277189446,-1.2846613212124016,-0.9458404609407975,-0.07816149142289759,-1.0574281694134813,-1.288042766923695,-0.7916465365058162,-2.019111329705339,-0.36017406374477157,-2.3356146482824065
0.7372006665712137,0.5703702994372232,-0.2892302363040166,0.02887851458706716,-0.7826522543528532,1.206587801219391,1.0934824675692276,-0.5917870038182029,-4.622578331775891,-0.30195458633966,-0.6624778373495549,0.0656377480233702,0.02887851458706716,-0.7473068375871774,0.8093053167731928,0.20701941508607408,0.24377864852237713,0.004843631186407631,-0.18319398600698875,-0.6073389871951005,0.09250026476528397,0.28336551529993426,0.5392663326834284,0.16036346495538176,0.13491476488409518,0.7541664666187382,1.544489985499253,1.2447608513263209,0.814960583455701,0.6467163996510833,0.4346438990570273,1.4865235020035446,1.4243155684959548,-0.08139918572184184,-0.03615705226177654,-0.6271324205838787,-0.7020647041271121,-0.23550520282018908,0.08684499808277582,-1.3269716725442635,0.0684653813646243,0.42757481570389216,-0.5295790703106135,-0.8137562211066481,0.041602864622710525,1.2772786347507428,-0.8462740045310698,-0.5281652536399862,-1.6889087402247853,1.9163237698741644,-0.9551378881693522,-0.22136703611391867,0.18015689834416032,-1.1742794721165428
0.7690633789492936,0.29339865201973375,0.41144998879407,0.3202088457193998,0.32928971777896404,-0.30766859382761935,0.227238012728622,0.3215061131564804,-0.2700478381522815,0.3798831478251081,0.3980448919442367,-0.2570751637814753,0.5052856667429012,0.5312310154845136,0.41274725623115033,0.5666896587647171,-0.13383475725881655,0.1351320246958981,0.6574983793603604,0.4218281282907148,-0.0689713854047857,0.6877679528922416,1.0055984749769928,0.49793448459944445,0.03178305220847577,0.5467982247294808,0.18442818730496172,1.2053776602874082,0.13296991230076377,0.7963059951279866,-0.387234329968564,0.6864706854551609,0.06205262574035679,0.8417103554258082,1.2369445012563698,0.7915493478586909,1.0920829707823674,0.7344695806271438,1.1232173892723023,1.3597524853000014,1.2295933191129131,0.6553362669652261,-1.9625494210634613,-1.9119559910173167,-1.4881819615709817,-1.497695256109573,-1.432831884255542,-2.2617857765500573,-1.555207445820147,-1.1988913231020042,-1.803417948781572,-1.6248274649434735,-2.5450225003126583,-0.8754393087899033
0.35844839963504765,0.9838574545561044,0.24241338630063788,1.6013997289121167,1.0041799710158037,-0.027023848052144462,-0.22434892722534996,0.6593527562480092,0.3918822170364878,1.4125969953510427,-0.9336703081735507,0.5728181700325169,-0.3069501231583198,1.1097259435968203,-0.18960397972973575,-0.4387186976228192,0.8632334858920853,0.987790844838627,1.0920256873254697,-0.43150748210486156,1.5115873174611891,0.22667982517054838,0.6973755289790586,-0.2971166474520139,0.8947006081522639,1.6977677908339142,-0.7730568716372205,-0.6543995981144625,0.5885517311626064,-0.6373549068901989,0.5243063565480744,-0.17583711374090752,0.3427148385049582,-0.019812632534186705,-0.3351394201830635,-0.5416424100154879,-0.08799139743124117,0.15850106027349392,-0.7127448873052109,-1.0405274108487417,-0.5790096176994504,-0.8281243355925337,-2.0238749814793344,-3.0111559423924485,-2.4381920912383572,0.7098312648737126,1.538465484391759,-1.2496526608695144,-0.6452216874552437,-0.9336703081735507,0.7340871716159341,0.937312336212923,-1.2837420433180415,-1.0215160244832169
