DLBCL,DLBCL,DLBCL,DLBCL,DLBCL,DLBCL,DLBCL,DLBCL,DLBCL,DLBCL,DLBCL,DLBCL,DLBCL,DLBCL,DLBCL,DLBCL,DLBCL,DLBCL,DLBCL,DLBCL,DLBCL,DLBCL,DLBCL,DLBCL,DLBCL,DLBCL,DLBCL,DLBCL,DLBCL,DLBCL,B_cell,B_cell,B_cell,B_cell,B_cell,B_cell,B_cell,FL,FL,FL,FL,FL,FL,CLL,CLL,CLL,CLL,CLL,CLL,CLL
1.1627318787254997,0.5658238046025678,-0.031084269520364055,0.41941239019505616,0.0928023119013765,-0.008559436534593042,0.0928023119013765,0.7122352190100794,0.6897103860243082,-0.08739635198479159,0.025227812944063472,1.1176822127539574,-0.6955668426006089,0.31805064175908665,0.5545613881096823,-1.0447017538800596,-1.1798507517946855,-1.5627729125527927,-0.7293540920792654,-0.3013822653496162,-0.853240673501006,-0.05360910250613507,-1.4050990816523956,-1.010914504401403,0.0928023119013765,0.3518378912377431,0.6446607200527662,-0.5041057622215553,-0.5604178446859828,0.9374835488677894,-0.1437084344492191,-0.5378930117002119,-1.5852977455385637,-1.4388863311310522,-2.261042735111694,-1.7317091599460754,-2.3286172340690072,1.635753371426691,0.47572447265948375,1.219043961189927,1.5569164559764923,1.038845297303759,1.5343916229907213,1.7709023693413168,0.0928023119013765,0.6559231365456517,0.36310030773062857,0.8135969674460488,0.38562514071639964,0.7347600519958503
0.5565565925047505,1.2341037485974904,-0.024198112717597888,0.2419811271759785,0.3871698034815656,0.3871698034815656,-0.9195282832687184,-0.31457546532877206,-0.09679245087039143,-2.903773526111742,0.43556602891676127,0.3871698034815656,-0.2419811271759785,-0.8953301705511205,-1.1857075231622947,-1.113113185009501,-1.8148584538198387,-1.6454716647966539,-0.483962254351957,-1.2824999740326861,0.02419811271759782,0.19358490174078274,-0.29037735261117426,-0.7259433815279356,0.48396225435195694,-1.7906603411022408,0.21778301445838064,0.48396225435195694,0.5081603670695548,0.43556602891676127,0.04839622543519566,0.7017452688103376,1.1131131850095008,0.8227358323983268,-1.306698086750284,-0.12099056358798928,-0.09679245087039143,-0.6775471560927399,-1.5244811012086645,0.5565565925047505,-0.16938678902318496,0.9679245087039139,0.7501414942455331,0.9921226214215118,1.887452791972632,1.2824999740326857,1.4034905376206752,1.6212735520790558,-0.024198112717597888,1.5244811012086645
-0.08415329321755788,-0.9911947769996184,1.0118551663524318,0.19299827127140506,0.1804004728855431,0.5709322228472635,-1.079379365700652,-1.7218670833796115,1.3771913195424283,1.4149847147000143,-0.6258586238096218,-0.9408035834561705,0.1300092793420953,-1.331335333417891,-1.0415859705430663,-0.8778145915268609,-1.104574962472376,-1.054183768928928,-0.5880652286520359,-2.150192228498918,-0.8526189947551369,-0.28571806739134914,0.1300092793420953,-0.5376740351085881,0.4071608438310583,0.14260707772795725,0.5961278196189874,-0.6384564221954837,0.11741148095623336,0.5835300212331255,-1.4699111156623725,-0.9659991802278944,0.20559606965726698,0.25598726320071485,-0.3487070593206589,-0.4494894464075545,0.16780267449968117,0.8480837873362265,-1.1549661560158238,0.6339212147765734,1.238615537297947,0.24338946481485288,0.9110727792655362,2.3346239968679368,1.3645935211565665,0.5205410293038157,1.6291472872596675,1.6417450856455293,1.8433098598193207,-0.39909825286410666
-2.3534076766881453,-2.22262006471136,-0.8455034444852145,-0.5608480537122122,-0.16079182884204715,-0.5146877200733472,-1.0147580011610537,-0.1915653846012906,-0.5300744979529689,-0.0684711615643167,0.4700660642224441,0.6316272319584724,0.362358619065092,0.07000983935227895,-0.48391416431410367,-0.022310827925451478,0.3469718411854702,-0.1377116620226145,-0.5762348315918341,0.15463711769019853,0.1315569508707659,0.07770322829208982,-0.7762629440269166,-1.2994133919340558,-0.9993712232814319,-0.15309843990223626,-0.37620671915675147,-0.753182777207484,1.9471967406661312,-0.006924050045829746,0.6162404540788508,0.18541067344944198,0.3546652301252811,-1.291720002994245,-0.2684992739993993,-0.49930094219372545,-0.9224373338833233,-0.1454050509624254,-0.9147439449435124,0.3315850633058486,-0.014617438985640612,0.8008817886343115,0.26234456284755064,2.608828189489866,0.893202455912042,2.062597574763294,0.8393487333333658,2.64729513418892,1.4932867932172897,0.8162685665139332
-0.11835679677943936,0.4804722345451059,0.040156770335881435,-0.8052489209458294,0.11060724460935735,0.5685353273869508,-1.8267807979112303,-0.6115101166937708,-1.3424337872810834,0.2779271210088627,-0.25925774532639123,-0.4441902402942655,-0.12716310606362385,-0.18880727105291528,-2.5841233963510963,-0.9725687973453349,-1.8620060350479684,-1.6330419936591716,-0.400158693873343,-0.15358203391617734,-0.4618028588626344,0.7006299666497181,0.24270188387212469,-1.3600464058494526,-0.45299654957845,-1.1398886737448404,-1.3160148594285301,-0.7788299930932762,-0.7700236838090916,0.7006299666497181,1.2554274515533408,0.10180093532517286,1.2554274515533408,0.5509227088185817,0.4804722345451059,-0.4882217867151879,0.0049315331991434735,0.6125668738078732,0.8679498430492234,1.5372293486472446,1.061688647301282,1.202589595848234,1.6429050600574584,2.153670998540159,0.12821986317772632,1.0176571008803597,0.5245037809660283,1.2554274515533408,1.0264634101645442,0.2955397395772316
-1.9062500924517682,-0.12175731489916604,-1.3709022591859876,-1.130682077592368,0.3312293132488023,0.18023377053281278,-0.02566924226171821,-1.981747863809763,0.07041883037572962,0.6881278687593226,-1.8925232249321329,-0.6776954494443999,-0.02566924226171821,-0.12175731489916604,0.17337033677299507,-1.199316415190545,-0.3207968939338794,-0.602197678086405,-0.4786558704096865,-0.12175731489916604,-0.12175731489916604,-0.02566924226171821,-0.12175731489916604,-0.12175731489916604,-0.6296514131256759,-1.0963649087932794,-0.7326029195229414,-0.8286909921603892,-0.15607448369825455,-0.18352821873752534,0.015511360297187991,-1.5287612356617946,0.6263569649209635,-0.30020659265442623,-0.05312297730098902,-0.7120126182434884,-0.6296514131256759,0.9969823879511192,1.0518898580296607,0.9008943153136714,1.072480159309114,1.02443612299039,1.6558720288936184,2.0745414882424984,1.347017509701822,2.1225855245612224,1.6078279925748946,0.9969823879511192,1.8823653429676026,0.3998636508469793
-0.03691187782998604,-0.4501045401059491,-0.8357510248968478,-0.09200423280011445,-1.1112127997474899,-0.9321626460945724,-0.09200423280011445,-1.290262953400407,0.7619272692368758,-0.10577732154264653,-0.5602892500462059,-0.02313878908745394,-0.09200423280011445,-2.378336964060443,0.44514622815863747,-1.2213975096877465,-0.5465161613036738,-0.877070291124444,-1.1938513322026825,-0.09200423280011445,-1.5381785507659849,0.26609607450572015,0.05949974336773866,-0.09200423280011445,-0.7255663149565911,0.21100371953559177,-0.9321626460945724,-0.17464276525530706,-0.09200423280011445,-0.6291546937588663,0.7343810917518115,-2.199286810407526,1.354170085165756,-0.09200423280011445,-0.20218894274037125,-0.09200423280011445,-0.09200423280011445,0.651742559296619,1.491900972591077,0.6241963818115548,0.5140116718712979,1.9877321673222328,1.8637743686394437,1.2302122864829672,-0.4501045401059491,2.0290514335498293,1.1751199315128389,1.1475737540277746,1.1751199315128389,1.5194471500761413
-1.5427638151460281,-0.8741771130242392,-0.46824947245029586,-0.6473351962329179,-1.327860946606882,-0.9577504507894629,-1.2323485605894835,-0.5279447137111699,-1.196531415832959,-0.20559041090245014,-0.30110279691984854,0.045129602393220794,-0.1578342178937509,-0.9458114025372881,-1.5188857186416784,-0.6831523409894424,0.21227627792366804,-0.5279447137111699,-0.1339561213894013,-0.1578342178937509,-0.4204932794415966,-1.196531415832959,-0.5518228102155195,-1.4591904773808047,0.3077886639410665,-0.9338723542851133,0.3316667604454161,-0.8980552095285889,-0.336919941676373,0.23615437442801768,0.7853505940280587,-0.26528565216332417,1.2629125241150507,1.0599487038280793,1.322607765375925,0.9166801248019816,1.0599487038280793,-0.2533466039111494,-0.1578342178937509,-0.5518228102155195,-0.1339561213894013,1.0002534625672053,1.2629125241150507,1.859864936723791,1.9434382744890148,2.2060973360368603,1.871803984975966,0.15258103666279405,1.8837430332281406,0.8450458352889327
-0.758458211179776,0.2134257088353137,-0.7001451759788706,2.001692121663079,-0.00038875356800604366,0.17455035203471012,-0.389142321574042,-2.663350694409352,-0.6029567839773616,-0.00038875356800604366,-0.1753278591707222,0.3689271360377281,-0.3502669647734384,-0.5252060703761545,-1.6525914175936585,-0.11701482396981681,0.38836481443802984,-0.23364089437162758,0.7576807040437641,1.4379994480543268,-0.09757714556951502,0.11623731683380474,0.2328633872356155,-1.516527668791546,0.5244285632401425,-0.7778958895800778,-0.01982643196830784,-0.7778958895800778,2.740323900874547,0.31061410083682267,-0.19476553757102397,-1.808092844796073,-0.01982643196830784,-0.2142032159713258,-0.01982643196830784,-1.3221508847885282,-0.01982643196830784,-0.2725162511722312,-0.3308292863731366,0.1551126736344083,0.2523010656359173,0.2328633872356155,0.5438662416404442,1.5351878400558359,1.710126945658552,0.8159937392446693,0.9520574880467819,1.9045037296615699,-1.8469682015966764,0.03848660323259755
-0.3113764400085788,0.9543814462051564,0.06835092585554176,0.44807829171966235,0.37213281854683816,-0.4379522286299523,-0.15948549366293055,-0.4126370709056776,0.903751130756607,0.06835092585554176,0.06835092585554176,-0.539212859527051,0.4227631339953876,-0.7923644367697981,-0.48858254407850177,-1.399928222152391,-1.5771343262223139,-0.7923644367697981,-0.8936250676668969,0.7518601844109587,0.3974479762711129,-0.18480065138720528,-0.48858254407850177,-1.6024494839465886,0.34681766082256343,-1.0708311717368197,-0.6151583326998752,-0.6404734904241499,0.01772061040699234,1.3341088120692768,-1.653079799395138,-0.539212859527051,-0.48858254407850177,-1.2227221180824681,-0.6911038058726993,-2.1087526384320827,0.16961155675264053,0.8531208153080575,1.1315875502750792,2.144193859246067,2.1695090169703417,1.3594239697935515,0.16961155675264053,0.49870860716821164,1.4606846006906502,-0.3113764400085788,1.1822178657236286,1.9416725974518696,1.156902707999354,-0.9695705408397209
-1.55762916362686,-1.039482307763268,-0.3320125622572094,2.0693988274182846,0.8736753138869183,0.9832833026272935,1.2921785436228965,0.9434258521762479,0.3355997327978035,0.5348869850530311,1.5213588837164083,-0.5312998145124372,1.17260619226976,0.6644236990189292,-0.4715136388358688,0.5946731607295995,0.2658491945084738,0.29574228234675787,-0.23236893612959553,0.9334614895634867,0.5448513476657926,0.4252789963126559,-0.1227609473892203,0.8437822260486342,-0.02311732126160647,0.9533902147890093,1.2921785436228965,-0.3619056500954936,-0.4416205509975846,0.9434258521762479,-0.6209790780272896,0.5249226224402698,-0.581121627576244,-1.1291615712781202,-0.860123780733563,-0.8999812311846084,0.2558848318957124,-0.23236893612959553,0.2558848318957124,0.9035684017252025,0.8338178634358727,0.17616993099362127,0.2558848318957124,-2.3846712604860545,-1.2686626478567797,-1.4978429879502917,-1.039482307763268,-1.4878786253375302,-2.6537090510306123,-0.9199099564101312
0.0686895039673256,0.44697952581636485,-0.12045550695719406,-0.8471705489303485,-0.4290605247814104,0.26778951546681995,-0.05077050293237103,-1.115955564454666,1.0044595580149491,0.337474519491643,-0.8869905512302473,-1.6236605937783766,-0.05077050293237103,-1.4743355851537556,-2.2408706294268095,-1.4743355851537556,-0.936765554105121,-0.9964955575549692,-1.285190574229236,-0.05077050293237103,-0.6779355391557783,-0.15032050868211821,-0.5584755322560816,-0.2697805155818148,-0.5584755322560816,-0.6281605362809046,-0.8869905512302473,-1.743120600678073,1.0243695591648987,0.2876995166167694,1.1338745654896205,1.4623895844637862,1.402659581013938,2.487754643686182,0.9845495568649998,1.0940545631897216,1.4922545861887104,-1.0960455633047164,-0.05077050293237103,0.4270695246664154,0.48679952811626376,0.19810451144199692,0.1184645068421992,0.32751951891666825,1.4225695821638873,0.7655395442155558,1.4225695821638873,0.7058095407657076,0.835224548240379,-0.000995500057497438
0.894780411661664,0.7649863327551517,0.5253664947738983,-0.22344549891751878,0.056110978727276904,-0.03374646051569313,0.026158498979620224,-1.0221782921883638,-0.8624317335341947,-0.11361973984277762,-0.263382138581061,-0.023762300599807572,-0.3831920575716877,-0.6128277356370556,0.8348754521663506,0.43550905553092817,0.1859050576337892,-0.33327125799225993,0.3656199361197293,1.1543685694746886,0.1659367378020181,-0.14357221959043429,0.9047645715775495,0.6052397741009827,0.006190179147849107,0.7550021728392662,-0.12360389975866318,-0.4331128571511156,0.23582585721321703,-0.8025267740388813,1.0944636099793752,2.2825786399697567,0.37560409603561484,1.4838458466989122,0.7949388125028083,2.7718024758481494,1.164352729390574,-0.9722574926089358,-1.4015763689920149,1.164352729390574,0.5852714542692116,-0.8224950938706524,-1.4814496483190995,-1.8109269255433231,-0.8424634137024236,-1.4914338082349847,-1.0720990917677913,-1.0221782921883638,-2.3001507614217154,-1.0421466120201348
1.4456014124685397,1.2137487400597926,0.28633805042480304,-0.7183568633464356,0.8466486754126091,0.2670169943907407,1.1557855719576058,1.6967751409113494,-1.317309600402366,-0.5058252469717505,-0.35125679869925214,0.09312749008418023,0.5761538909357372,0.904611843514796,0.76936445127636,1.252390852127917,-1.297988544368304,-0.9115674236870583,0.9239328995488583,0.4022643866291767,0.42158544266323894,0.05448537801605563,-0.48650419093768815,0.5181907228335503,-0.13872518232456713,0.32498016249292755,-0.022798846120193447,0.17041171422042933,1.2137487400597926,0.24769593835667844,1.4456014124685397,1.6194909167751004,0.6920802271401109,0.8852907874807336,0.6727591711060485,0.6341170590379241,-0.7376779193804979,-0.38989891076737676,-0.8729253116189337,-0.08076201422238029,-1.104777984027681,-0.7763200314486223,-0.7183568633464356,0.09312749008418023,-1.723051777117674,-2.0321886736626706,-2.3413255702076667,-1.5491622728111134,-1.587804384879238,-1.162741152129868
1.1328023998924743,1.355838903119975,-0.14965749366565292,0.6978812185988487,0.37447828891897295,-0.2611757452794031,1.2554724766675995,1.0547396237628492,0.47484471537134826,0.29641551278934786,0.396781939241723,-0.48421224850690353,0.6755775682760986,1.0435877986014743,2.136466664416226,1.5565717560247252,-0.015835591729152703,0.4413892398872232,-0.06044289237465278,-0.37269399689315336,2.091859363770726,0.2741118624665978,0.8317031205353488,0.9878286727945992,-0.23887209495665312,0.9655250224718491,0.062227184400472445,1.6011790566702253,0.16259361085284765,-1.0752589820597795,-0.10505019302015285,0.7424885192443488,-0.2277202697952781,-0.049291067213277764,-1.7109130162581556,-1.2090808839962797,-1.1979290588349047,-0.3838458220545284,-0.49536407366827856,-1.0194998562529045,-1.3986619117396553,-0.9302852549619042,-1.5213319885147802,-1.7666721420650306,-1.0641071568984046,-0.14965749366565292,-1.309447310448655,-1.1644735833507798,-1.3986619117396553,-0.8522224788322793
1.5354067761249048,0.9737394151227536,0.6723569287313554,1.26142269758727,0.31617762663243043,-0.19069291866219376,0.7271537444388824,0.9737394151227536,0.4257712580474843,0.34357603448619384,-0.06740008332025815,-0.6153682403955276,1.0970322504646892,1.0696338426109258,0.37097444233995736,-0.10849769510090337,0.590161705170065,-0.14959530688154857,-0.546872220761119,0.7271537444388824,0.32987683055931216,0.49426727768189294,0.08329115987544093,0.9326418033421084,0.46686886982812953,1.3573171250754423,0.7408529483657641,0.5216656855356564,0.41207205412060255,-0.4509777932729468,0.590161705170065,1.781992446808776,0.3846736462668391,0.1928847912904948,-0.3550833657847746,0.7545521522926459,-0.7112626678836996,0.45316966590124774,0.06959195594855919,-1.163336397470797,-1.5606133113503673,-1.8619957977417654,-1.1907348053245606,-1.3277268445933779,-1.4784180877890767,-2.2181750998406904,-2.094882264498755,-1.8619957977417654,-1.4510196799353134,-1.2455316210320873
1.3055485114000154,1.2482876117772077,0.618417715926323,1.019244013285977,0.7711134482538102,0.6820409377294427,0.7011279042703786,1.1274034903512802,1.0128816911056648,-0.13869862353080079,0.4657219835988359,-0.06235075736705721,0.7647511260734983,0.36392482871384446,-0.15142326789142474,0.052171041878558165,0.09670729714074189,0.31302625127134875,0.8474613144175538,-0.10052469044892903,0.5357075275822676,0.5166205610413316,0.5038959166807077,0.4020987617957163,0.7902004147947461,0.612055393746011,0.9174468584009854,0.03944639751793422,1.7827226749234129,1.1655774234331522,-0.2023218453339205,-1.220293394183835,-1.5193225366584973,-1.1503078502004032,-1.2839166159869544,-1.589308080641929,-1.245742682905083,0.80292505915537,0.5675191384838274,-0.24685810059610422,-0.44409008818577517,-0.09416236826861707,-0.49498866562827093,-2.263714231754997,-1.6402066580844246,0.31302625127134875,-1.4493369926750657,-1.7420038129694162,-2.49912015242654,-0.8003801302832453
1.3206993308579469,0.9469536161379439,0.8682703077758381,0.7502453452326794,0.779751585868469,0.2584746679695178,1.035472338045313,1.6157617372158437,0.8977765484116278,-0.6463833781946996,0.6125495555989942,-0.4300042801989085,0.3469933898768868,0.8092578265042587,0.7994224129589955,0.10110805124530604,0.35682880342215006,0.4551829388747824,0.2092976002432016,0.002753915792673729,-0.04642315193364245,0.22896842733372805,0.26831008151478103,0.40600587114846626,0.8977765484116278,1.0944848193168926,1.2518514360411044,1.6255971507611071,1.3895472256747894,0.6420557962347838,-0.5578646562873306,-1.4332164618157581,-0.8037499949189114,-1.6102539056304963,-1.0397999200052288,-1.8463038307168138,-1.8167975900810243,0.47485376596530887,0.07160181060951633,0.03226015642846342,-0.4595105208346983,-0.41033345310838204,-0.8037499949189114,-2.102024582893658,-1.7971267629904977,-1.2660144315462831,-1.4233810482704947,-1.728278868173655,0.2092976002432016,-0.538193829196804
0.8212787418026841,0.2050826869680423,0.3472817765452673,0.48948086612249225,0.7106794499092868,0.2050826869680423,0.6158800568578036,1.1846764151667035,0.837078640644598,-0.2373144806055467,0.48948086612249225,0.9318780336960812,0.04708369854890338,0.979277730221823,0.963477831379909,0.07868349623273117,1.0424773255894786,0.7580791464350285,1.0424773255894786,-0.61651205281148,0.0312837997069895,-0.1425150875540633,0.6000801580158897,0.8686784383284256,1.2320761116924452,1.5638739873726368,0.44208116959675064,0.7738790452769424,1.263675909376273,0.7264793487512007,-0.18991478407980497,0.29988208001952565,-1.0115095238593272,-1.611905679852055,-1.6751052752197106,-0.18991478407980497,-1.2169082088042078,0.2208825858099562,0.394681473071009,-0.2531143794474605,-0.5691123562857383,-0.06351559334449386,-1.201108309962294,-1.5171062868005718,-1.327507500697605,-1.0747091192269829,-1.043109321543155,-2.1333023416352135,-3.1286959686757885,-0.9641098273335855
2.180926486996432,-0.04347697679223291,-0.5321716771700457,-0.04347697679223291,0.5294754305472719,0.6642877616859787,0.0744838129541357,2.5179573148431995,0.1755930613081659,-0.19514084932327827,0.1250384371311508,-0.7680932566627829,0.22614768548518102,0.7316939272553322,1.5068648313028974,0.6474362202936405,0.1250384371311508,-0.1782893079309399,-0.3131016390696469,-0.14458622514626318,-0.2456954735002934,-0.3131016390696469,0.2429992268775194,0.7653970100400089,0.6305846789013021,1.1361309206714532,1.2035370862408066,0.7653970100400089,-0.4310624288160154,0.10818689573881246,1.8607472005420032,1.0181701309250846,0.8665062583940393,0.9002093411787161,0.5968815961166253,-0.29625009767730853,-0.38050780463900036,-0.8860540464091515,-1.5264126193180096,-0.8860540464091515,-1.6443734090643782,-1.8634434471647774,-1.307342581217611,-1.2399364156482573,-1.0545694603325353,-2.1836227336192064,-1.3410456640022876,-0.14458622514626318,-0.9534602119785051,-0.6838355497010911
1.5498647624181172,1.4050626980377263,2.3221424391135352,0.6810523761357719,-0.16362633274984167,0.1259777960109401,0.21044566689950145,0.43971560216845373,0.536250311755381,-0.4290967841138916,0.0777104412174765,-1.2375749769044075,-0.3566957519236962,-0.22396052624167123,-0.8876366546517961,-0.5859656871926484,-0.27222788103513484,-0.8031687837632348,-0.4532304615106234,-0.055024784464548504,-0.4532304615106234,-0.3566957519236962,0.3793814086766242,-0.13949265535310984,0.18631198950276961,0.33111405388316045,0.21044566689950145,0.17424515080440378,-0.23602736494003712,0.10184411861420829,-0.3084283971302325,2.1290730199396806,0.9827233435949195,1.320594827149165,1.7308673428936059,2.310075600415169,1.5377979237197512,-0.12742581665474395,-0.5980325258910143,-0.3446289132253303,-0.24809420363840304,-0.44116362281225757,-1.2617086543011393,-1.1169065899207484,-0.16362633274984167,-1.0324387190321869,-0.9600376868419915,-1.430644396078262,-2.5528603950262916,-1.5030454282684576
2.1898765486714247,1.168429406390714,0.7837285346226542,0.040857885691228335,0.35923102094755366,0.6510730615991853,1.1949605009954076,1.2878193321118359,1.0623050279719388,0.2663721898311255,0.5847453250874508,-0.7948715943566257,0.5316831358780633,0.1071856222029628,0.35923102094755366,0.92964955494847,-0.38363962798387213,-0.5693572902167287,-0.44996736449560654,0.6378075142968384,-0.052000945425199896,-0.7948715943566257,0.040857885691228335,0.13371671680765657,-0.3173118914721377,1.2347571429024484,0.25310664252877857,-0.14485977654162813,1.4602714470423457,0.040857885691228335,-0.18465641844866879,1.0888361225766325,0.6908697035062259,1.3010848794141827,0.34596547364520674,0.5582142304827571,0.8898529130414293,-0.874464878170707,0.040857885691228335,-0.7418094051472381,-0.9540581619847883,-1.0734480877059103,-1.0999791823106042,-1.6969288109162142,-1.1795724661246856,-1.45814895947397,-2.2540817976147833,-1.1928380134270324,-2.4397994598476402,-1.5775388851950922
0.8640782437294839,1.5462452782527607,0.5717209432195082,0.5067526542172913,0.5717209432195082,0.636689232221725,0.26312157045897816,-0.24038266930820232,-0.35407717506208175,-0.8250972703281538,0.03573255895121926,0.03573255895121926,-0.9063076315809248,1.7086660007583028,-0.841339342578708,-0.28910888605986496,-0.029235730050997572,0.2956057149600866,0.7503837379756044,-0.4840137530665154,-0.15917230805543123,-0.2566247415587565,0.26312157045897816,0.13318499245454452,0.47426850971618295,-0.029235730050997572,-1.0200021373348043,1.172677616490014,2.569495830037676,-0.37031924731263594,1.6761818562571944,1.416308700248327,0.47426850971618295,2.0659915902704955,0.4905105819667372,0.3768160762128576,-0.2728668138093107,0.16566913695565294,0.03573255895121926,-0.5652241143192864,-0.841339342578708,-0.7763710535764912,-0.04547780230155178,-2.4330624231330202,-1.7346533163591895,-1.5884746661042015,-1.5397484493525389,-0.7276448368248285,-1.2961173655942257,-1.4747801603503221
2.39493470331939,0.7283661923901925,0.10340300079174339,1.0313786489227739,0.8609341421231969,0.9935020918562012,0.6336747997237608,1.6563418405212231,0.5957982426571882,-0.3511156840071287,0.33066234319117943,0.44429201439089744,0.2738475075913204,-0.08597978454111999,-1.7525482954703175,-1.2980296106714455,-0.8624492044058598,-0.426868798140274,1.485897333721646,1.0692552059893465,0.10340300079174339,-0.29430084840726967,1.0313786489227739,-0.37005396254041506,0.5768599641239018,-0.19960945574083802,0.9366872562563422,-0.16173289867426535,-1.99874591640304,0.4064154573243248,-2.055560752002899,0.4821685714574701,0.10340300079174339,1.1260700415892055,-0.12385634160769264,0.1602178363916024,0.34960062172446577,0.23597095052474773,0.1602178363916024,0.4821685714574701,0.1602178363916024,-0.38899224107370134,-0.5973133049398511,-1.5252889530708815,-0.2374860128074107,-1.1654616609384412,-0.8245726473392871,-0.02916494894126098,-2.888845007467498,-1.2790913321381592
1.1253869332640496,1.1595586012781403,1.0684341532405652,1.52405639342844,1.5468375054378336,1.854382517564649,1.6949147334988925,-0.19591756328078602,1.1139963772593529,-0.7198831394968415,-0.3667759033512389,-1.2894109397316846,-0.5604153554310854,0.4989063530057224,-1.471659835806834,-0.013668667205636274,-0.9021320355719913,-0.07062144722912056,-0.116183671247908,0.10023689284133232,0.08884633683663547,-0.025059223210333128,-0.6515398034686605,0.6128119130526911,-0.05923089122442372,0.17997078487421034,0.9545285931935967,0.23692356489769464,2.2302708657196453,1.2279019373063214,0.1571896728648166,0.40778190496814753,-0.3439947913418452,0.7950608091278407,0.1344085608554229,-0.9818659276048692,-0.605977579449873,0.6697646930761753,-0.116183671247908,-0.116183671247908,0.06606522482724175,0.3052669009258758,-0.6743209154780542,-1.801985959943043,-1.3121920517410783,-1.426097611788047,-1.471659835806834,-1.0729903756424441,-2.1323120840792518,-1.2552392717175938
0.6203219841122632,1.0667364282481222,0.42622874753145495,0.5426846894799399,1.5131508723839813,1.7266534326228702,0.3485914528991316,0.6979592787445865,-0.5636467590306672,0.989099133615799,0.872643191667314,1.3384669594612537,0.5232753658218591,0.13508889266024254,0.27095415826680835,-0.6218747300049097,0.30977280558297,0.3485914528991316,0.21272618729256587,1.2608296648289303,0.48445671850569744,0.038042274369838404,0.7755965733769099,-0.7577399956114755,0.40681942387337416,0.6203219841122632,0.5426846894799399,0.07686092168600006,1.8237000509132744,0.2903634819248892,-0.9712425558503645,-0.7577399956114755,-1.592340912908951,-0.7771493192695562,-2.9315842453165284,-2.116392651677133,-1.1459264687730921,1.1637830465385264,0.19331686363448503,-0.21427893318521232,-0.33073487513369726,0.30977280558297,-0.13664163855288905,-0.5830560826887481,-2.2522579172836994,-0.5830560826887481,-0.4860094643983439,-0.8741959375599605,-0.9712425558503645,-1.2623824107215769
-0.14319758587506032,0.4648601036156422,0.4952629880901773,-0.10519398028189142,0.9285040918523028,0.2748420756497976,-0.48523003621358046,-0.18120119146822924,-0.27240984489183456,0.45725938249700837,1.3085401477839917,0.3204464023616004,0.45725938249700837,0.2824427967684314,0.13802909551438955,1.4149502434448649,1.1185221198181472,0.5864716415137827,-0.21160407594276437,1.3997488012075971,1.3161408689026255,0.9513062552082041,0.0392197209721504,2.0458100962914685,0.3432485657175016,1.2477343788349216,0.7612882272423596,0.677680294937388,-1.2224999847210574,-0.8880682555011709,0.3204464023616004,1.3237415900212595,0.366050729073403,0.6320759682255854,0.2672413545311638,0.7688889483609933,-0.18120119146822924,-1.131291331297452,-1.3441115226191978,-1.0628848412297478,-1.1996978213651561,-1.7317482996695206,-1.9065648853980977,-1.9673706543471678,-0.9792769089247764,-1.3517122437378317,-1.1388920524160857,-1.1236906101788182,-1.9673706543471678,-0.11279470140052521
0.5600621808690618,0.0073692392219613795,0.1762476380585754,-0.3150349767388472,-0.17686174132707208,0.05342698435921975,0.2530105466206726,1.266280939640357,0.698235416280837,0.5600621808690618,0.698235416280837,0.4832992723069645,-0.05404108762771645,0.6368250894311591,-0.11545141447739428,1.0513447956664845,0.7442931614180953,1.9110893715619741,1.035992213954065,1.1588128676534206,-0.13080399618981373,-0.4685607938630418,1.6654480641632627,1.7729161361501988,0.2530105466206726,0.9899344688168066,-0.3457401401636861,0.8364086516926121,-0.10009883276497483,-0.2843298133140083,-0.4225030487257834,1.6808006458756821,-0.3150349767388472,-0.05404108762771645,-0.407150467013364,1.8957367898495547,-0.3917978853009445,-1.1287218074970784,-1.7428250759938566,-1.0366063172225615,-1.4050682783206285,-1.7274724942814372,-1.4511260234578869,-0.9444908269480449,-1.3897156966082092,-1.543241513732404,-0.852375336673528,-1.08266406235982,-1.6814147491441789,-0.8216701732486893
-0.14078529893596642,0.4717106422104199,0.48946414775089486,0.8356575057901567,-0.11415504062525397,-0.6556369596097404,-0.24730633217881623,0.15214754248187048,-0.38045762373237846,1.226234627680606,1.3860161775448805,0.915548280722294,0.933301786262769,1.119713594437756,0.9688087973437189,1.2351113804508433,0.4539571366699449,0.5160944060616073,-0.21179932109786626,1.519167469098443,1.2351113804508433,1.1818508638294183,0.3119290923461452,1.2528648859913183,0.6048619337639821,1.7410862883543796,0.6847527086961195,1.208481122140131,0.09888702586044561,-0.5313624208264156,0.7823969891687318,0.1965313063330579,-0.7799114983930652,-1.1882421258239895,-1.3924074395394515,-1.2326258896751767,-2.688413343994124,-1.1349816092025644,-1.8717520891322756,-0.9929535648787646,-0.9752000593382897,-1.3835306867692139,-1.108351350891852,-0.37158087096214093,-0.8598022733252024,-0.6201299485287904,-0.7444044873121152,-0.5313624208264156,-0.7355277345418777,-0.6290067012990279
-0.05899709625914277,0.4281348912016706,0.4461768166631821,0.6626799222013213,0.6626799222013213,-0.5010242700661771,-0.2664792390665262,0.040233493779171056,-0.47396138187390974,1.167853835123646,1.3482730897387623,0.8340782140856816,0.7799524377011468,1.1949167233159137,0.9333088041239955,1.2039376860466693,0.9242878413932398,0.8430991768164374,0.17554793474050812,1.4835875307000994,1.0686232450853324,1.1949167233159137,0.2116317856635313,0.8521201395471932,0.4281348912016706,1.7181325616997505,0.7619105122396352,1.176874797854402,-0.10410190991292179,-0.5100452327969329,0.8521201395471932,-0.06801805898989859,-1.006198182988502,-1.150533586680595,-1.8090638660257685,-1.3580157294879784,-2.4495522199094304,-1.060323959373037,-1.7729800151027453,-1.0242401084500137,-1.2136803257958855,-1.5745188350261174,-1.0242401084500137,-0.2213744254127472,-0.5822129346429794,-0.5280871582584445,-0.8167579656426301,-0.555150046450712,-1.1324916612190834,-0.1311647981051892
-0.83582000194727,-0.06459047304552144,0.6680775794111397,-0.3923630228287646,0.5909546265209648,0.6198757338547803,-0.5080474521640269,-0.48876671394148313,0.5041913045195181,1.6128337523157816,1.6803163360946844,0.2921031840715372,1.0440519747507422,0.19569949295881867,-0.565889666831658,0.43670872074061506,0.5909546265209648,0.7644812705238583,-0.26703822438223046,1.3621841554227132,1.911685194765209,1.593553014093238,-0.016388627489162172,1.7477989198735875,0.3499453987391684,1.5453511685368784,1.2175786187536355,-0.6044511432767454,-0.4598456066076676,-0.08387121126806518,-1.2696366119545037,2.075571469656831,-0.83582000194727,-0.6719337270556485,-1.5395669470701154,0.6584372102998678,-0.8068988946134544,-0.46948597571893946,-1.115390706174154,-1.4431632559573968,-1.240715504620688,-1.2021540281756005,-0.6237318814992892,-1.047908122395251,-0.45020523749639574,-0.8743814783923575,-0.5273281903865706,-0.5948107741654736,-1.5492073161813875,-0.9129429548374449
1.0716361007176016,-0.03292010657014465,-0.011262141721365311,-0.2928156847554967,0.07536971767375204,-0.24949975505793803,0.20531750676642804,-0.07623603626770331,0.8983723819273668,-0.20618382536037938,0.33526529585910414,-0.16286789566282064,-0.03292010657014465,0.35692326070788344,-0.24949975505793803,0.29194936616154543,0.11868564737131072,-0.8559227708237596,-0.07623603626770331,2.8692471831662867,3.215774620746756,1.8946387649712164,1.9162967298199958,-0.9642125950676562,0.1620015770688694,0.09702768252253137,0.2269754716152074,0.29194936616154543,-0.14120993081404135,0.27029140131276613,0.6601347685907941,-0.5960271926384075,-0.07623603626770331,0.9416883116249255,0.4435551201030008,-0.3577895793018347,-0.5093953332432901,-1.5273196811359186,-0.03292010657014465,0.3136073310103248,-0.8342648059749802,-2.068768802355402,-0.03292010657014465,-1.7872152593212711,-1.0291864896139942,-1.1158183490091114,-1.419029856892022,-1.5056617162871397,-0.03292010657014465,-0.37944754415061405
-1.5337210686307,-0.775661001758351,-0.7320943312484458,-0.8802210109821231,0.6010457863546511,0.3744990997031444,0.6533257909665372,1.7773458901220895,1.2458325099012468,1.2109791734933228,-0.03502760308996378,-0.03502760308996378,0.8537324753121008,0.47034577482493567,1.9341859039577478,-0.28771429204741356,0.8537324753121008,0.7927391365982336,0.0782457402357895,0.5574791158447459,1.0454258255556834,0.4006391020090874,0.6707524591704992,1.27197251220719,-0.42712763767910994,-0.7582343335543889,-1.4727277299168329,0.21765908586748592,-2.248214464993144,-1.3768810547950414,-0.26157428974147046,-0.34870763076128064,-1.0109210225118386,-0.7582343335543889,-0.8192276722682561,-0.08730760770184998,-1.1851877045514592,0.1479524130516377,-0.5491143151068443,1.1499858347794556,1.2196925075953038,1.228405841697285,1.5943658739804878,-0.5316876469028822,0.3744990997031444,-0.8279410063702369,-0.6275343220246734,-1.829974428098055,0.3744990997031444,-1.6992744165683393
