A,A,A,A,A,A,A,A,A,A,A,A,A,A,A,A,A,C,A,A,A,A,C,C,C,C,C,A,A,A,A,A,A,A,C,A,C,A,C,A,A,A,A,A,A,A,A,A,A,A,C,A,C,C,C,A,A,N,N,N,N,N,N,N
0.2375007576757668,0.6866468250688188,-0.8676349607781899,3.50267447128973,0.29955383277612274,-0.306202376536875,-0.06980970948790026,0.2375007576757668,0.8550766003412132,-0.8144466106921706,0.45911888303418064,1.8213316269038975,-0.483496876823606,-0.9385527608928823,-0.2471042097746313,-1.0744785444460427,0.8639413253555497,-0.1880060430123876,-0.4923616018379426,-0.8971840441593117,-0.5130459602047278,-0.4716772434711573,-0.04912535112111489,0.1961320409421963,0.16658295756107444,-0.9030938608355361,-1.1040276278271646,-0.41553398504702577,0.6186839332922385,-0.15845695963126577,0.10748479079883078,-0.45394779344248415,-0.1880060430123876,2.5600587114319433,-0.4864517851617182,1.1239732591094223,-1.1040276278271646,-0.36530054329911865,0.5507210415156584,0.993957292232486,-0.7021600938439075,0.1961320409421963,-1.0656138194317064,-1.494075528457973,0.5359464998250975,-0.5337303185715131,-0.4509928851043719,-1.044929461064921,0.46502869971040506,0.4532090663579564,-2.7440017554794265,1.7829178185084391,-1.721603470492611,-0.9267331275404336,-0.32984164324177245,0.5004875997677511,-0.26778856814141655,0.1961320409421963,1.7031352933794102,-0.28847292650820183,0.8639413253555497,0.8905355003985594,1.1239732591094223,0.16953786589918668
-0.045183389353994775,-0.8632829906157993,-0.36132597974696334,0.07869289096325,0.5780691459921431,-0.7832795595775787,0.07611213512330754,0.8877598467852552,0.24644202055951905,-0.2309978098298621,1.8723181997233576,-0.5690768248623428,-1.2091042731681079,0.15611556616152802,-1.321367152205611,-0.771666158297837,0.1496636765616715,-0.7342451986186692,3.366575831050123,-0.7768276699777221,-0.729083686938784,-0.29164557206851305,-0.539398132703003,-0.5793998482221132,1.4993989808516521,-1.1858774706086244,-0.47875037046435165,-0.34713182262727915,-1.1987812498083374,-0.7471489778183823,-0.7148895298190997,-0.6929531051795876,-1.055549300691523,-1.1084547954103463,-1.1949101160484235,-0.09292737239293311,-1.1858774706086244,-0.5123001963836057,-0.04905452311390882,0.5625846109524877,-0.6594032792603338,-1.037484009811925,0.38451245799644806,0.19482690376066703,-0.7148895298190997,-0.8542503451760002,0.6606533328703064,0.8361447299864032,0.7213010951089578,0.10062931560276195,0.3883835917563621,-1.6246059633988665,1.2400330189374202,0.3316069632776248,0.001270215764971969,0.7471086535083837,0.5871017914319424,0.27741109063883035,1.9084487814825541,1.8723181997233576,1.1484161866194578,2.2336240173153215,0.268378445199031,1.8852219789230706
-0.43178776724738466,-0.34699597139183136,-0.303315349284425,-1.570053390399207,-0.8274828145733003,-0.29817645256590664,-0.24164858866220443,-0.8942884719140394,2.48196667215254,0.7167556493414745,-0.9765108194103336,-0.19025962147702055,2.9701618604117868,-0.6116491523955282,0.1437686652266745,-0.22623189850664924,-0.3881071451399784,-0.1722734829622062,1.402798361263679,1.1972424925229435,0.5291859191155533,-0.23650969194368607,-0.6990103966103408,-1.143524962762181,-1.3593586249399532,0.8889086894118404,0.5420331609118494,-0.16713458624368782,0.9120337246451731,-0.6758853613770079,-0.6656075679399712,0.3287689470933363,-0.9636635776140376,0.43668577818222254,0.02814348906001083,1.2023813892414619,-1.2797057258029183,-0.5808157720844178,1.0096727622970225,-2.276651689195485,-0.43692666396590313,-0.21852355342887164,0.04099073085630679,0.03585183413778841,2.5975918483192038,-1.264289035647363,0.49578309044518387,-0.49345452786960536,-0.13630120593257752,0.42383853638592656,0.7039084075451785,2.6387030220673506,0.696200062467401,0.015296247263714868,-0.05664830679554252,0.3698801208414835,0.24911604795630143,-1.1897750332288466,0.007587902185937295,-0.6116491523955282,-0.6527603261436753,-0.5088712180251604,-0.8274828145733003,0.8580753091007302
0.2860015821925232,1.4550618437075442,-0.29532361743894425,0.695246633671843,0.05573960744452012,0.034044689052845446,-0.7731048883828735,-0.9013021334245882,-1.4722729401873016,-0.2844761582431072,-0.7558475669349504,1.0458167922282242,-0.16761943872431326,-0.7883899445224621,-0.5502389085411232,0.4334284139904949,0.5931819039655546,0.10504624015287191,-1.1009939958934125,1.3091142108908227,1.8150002624785122,-0.620747393314066,1.048775190190725,1.8297922522910177,1.5359247213492404,0.6276965468614009,1.1503468535699297,1.3820880272991831,1.2420571904074642,-0.9126426589475088,-0.7701464904203723,0.15829740347789217,-1.0043529957850432,-0.536433051382785,1.1005471545344943,-0.01674114263675667,-0.6799153525640882,0.5744453835363811,0.5946611029468055,2.1724733496140627,0.17851312288831594,0.05623267377160375,-0.31997693379312014,-2.501795431137687,-3.0313486664253855,0.5325347457342821,-0.9673730212537794,-0.6922420107411761,-0.6384977810890728,0.010377505352836812,-0.9422266385725199,0.5847997764051351,0.18295071983206806,-1.1167721183600852,0.4255393527571585,1.0403930626303055,-1.496433190214394,0.07792759216327842,1.0275733381261338,-0.7410555771224449,-0.38308942365981075,-0.20706474489099466,-0.6971726740120113,0.0039676431007507435
-0.7324019565946011,-0.5636420064764255,-0.40007467020804005,-0.8375523870528487,-0.2650667101134997,-0.2326128735523121,-0.37800606134643255,-0.6545127488477508,-0.49613802642915533,-0.7324019565946011,-0.09630675999532422,0.136062709782779,-1.098481233004797,-0.5636420064764255,-0.4208451256072001,-0.5558530857017405,-0.719420421970126,-0.2650667101134997,0.003651056613133604,-0.6674942834722258,-0.6674942834722258,2.7271770208279964,-0.005436017623998959,0.01793074470005607,-0.5714309272511106,-0.583114308413138,-0.06644923035903166,-0.005436017623998959,0.24510760062836923,-0.12616428963161677,-0.6155681449743257,-0.37800606134643255,-0.4792620314173378,-0.27804824473797474,0.49435306541828994,-0.6752832042469109,-0.3689189871093,0.015334437775161027,-0.5766235411009005,-0.4169506652198577,-0.7505761050688661,-0.5558530857017405,-0.40007467020804005,0.0737513435852987,2.123535660789907,-0.32997438323587486,-0.43382666023167515,0.1295719424705415,-0.050871388809661584,0.34117095684948456,0.052980888186138705,-0.12226982924427429,-0.9985234163963392,-0.3260799228485324,-0.41824881868230507,-0.5402752441523705,0.5813293474022727,0.6046961097263278,2.3182586801570326,0.8227858914175086,1.0019310692352639,3.746227488849287,0.8876935645398837,4.0967289237101125
0.08118877808885223,0.42551227523867435,1.1205652880899433,-0.7379808442001433,0.7618282491989653,-1.1199397003407598,0.6144898225115997,0.9660200905319993,-0.40967239342938266,-0.30237158268967085,-0.3952588516882272,-0.6555033553479765,-0.9870148153945497,0.2765723439134023,0.16366626694101902,-0.8404771410261369,-0.3920558424124151,0.1452489636050982,0.9163734467569092,-1.410612792120726,-0.3704355298006822,2.093479355617929,0.07157975026141543,1.0276780190913866,-0.33119866617198124,-0.5778303804095284,-1.0206464127905788,0.2117114060782035,-0.4665258080750512,-0.9285598961109752,-0.011698490909704621,0.41029798117856564,-0.435296467635881,-0.13501434802847795,-1.3833872132763216,-0.36082650197324495,-1.5843760453335431,-0.2831535270347968,-0.7932327542079053,0.8218846731204459,-0.22950312166494086,-0.0253112803319068,-0.8781125000169314,-2.043207124093655,0.7906553326812762,0.5384183522110576,-0.047732345262592984,-0.5233792227207192,1.3704000116033022,-1.879853651027228,-0.8092478005869668,-0.49535289155736156,-1.272082640941844,0.08198953040780503,-0.5962476837454491,1.1862269782440948,-0.9557854749553796,1.1814224643303772,1.530550475393917,1.828430338044461,0.9724261090836245,2.661212749755659,1.0484975793841667,2.39055846594952
-0.8047520955318724,-0.2561506577404973,-0.34678915615820277,5.497008768141228,-0.4946730219976169,-0.39926407629476907,0.208967952560886,-0.18459394846336138,1.3109412754287788,-0.690261360688455,0.1040181122877534,-0.40641974722248264,-0.5996228622707495,0.12548512507089413,-0.15597126475250697,0.841052217842253,-0.3682561689413435,0.3091473455488763,-1.3772057697489595,0.3115325691914474,2.6156586079152233,0.6860126810751253,-0.5471479421341832,-0.5662297312747528,0.19227138706288757,0.18034526885003158,1.0986563712399422,-0.5662297312747528,0.37831883118344095,0.07778065221947021,0.05392841579375824,-0.39926407629476907,-0.7331953862547366,-0.8047520955318724,0.8863714670511059,-1.0647414725721327,0.6025298535851334,-1.0051108815078529,1.8666983841478677,0.5071209078822856,-0.9478655140861442,0.12548512507089413,-0.16074171203764942,-0.03671008262394715,0.867289677910536,-0.16074171203764942,-1.3175751786846797,0.4117119621794377,-0.5256809293510425,-1.0361187888612786,-0.45889466735904894,0.7981181922759716,-0.4374276545759082,-0.6210898750538904,-0.3444039325156315,0.19704183434803002,0.21612362348859954,-0.835760002885298,0.24474630719945395,-0.2251427503870717,-0.9383246195158594,-0.24183931588507007,-0.5900819677004647,-0.06533276633480158
-0.7082844766349253,-0.293172695456947,-0.06689607748149995,1.2761126263296063,0.13821797910055983,-0.3175910355262399,0.04054461882338846,-0.12224431497189715,6.257454000465346,-0.5503792108534983,-0.4250317318311284,-0.4803799693215255,-0.12224431497189715,0.11542752836921975,0.917976971979978,0.21961244599820265,0.3644945970760069,-0.5503792108534983,-1.6199025058885248,0.4686795147049896,-0.4934030840251483,-0.9410726519621837,-0.5210772027703469,-0.5210772027703469,-0.1873598884900114,-0.293172695456947,-0.6073553376818482,0.024265725443859902,0.8447219517720995,-0.20689456054544572,-0.024570954694725783,-0.2361965686285971,0.024265725443859902,-0.49991464137695985,0.40356394118687533,1.3868091013104002,-0.5275887601221583,-0.5161935347564884,-0.293172695456947,-0.9606073240176181,0.1544968724800884,0.22775189268796692,0.9521626480769879,0.7079792473840595,-1.1038615857574694,0.11542752836921975,-0.1515463230550485,0.17077576585961696,-0.19875511385568143,-0.005036282639291464,-0.4885194160112898,1.9614540376077587,-1.4392067893757579,-0.2654985767117484,0.23100767136387268,0.024265725443859902,-0.24596390465631413,-0.5210772027703469,0.18705465923914552,-0.01968728668086726,-0.5780533295986968,-0.8108415049259553,0.4393775066218382,0.26030967944702404
-0.1662843567140176,0.6967727026410119,-0.19234318489277133,-0.7446062309963056,-0.5725329905768175,-0.9214238776331213,0.0668288562328775,-0.6645178215664944,-0.7906340525076914,0.055215682805389354,-0.2352552769480018,0.31091793430941056,-0.6475937456569234,-0.7284610874507734,-0.11522888085292673,-0.5098643412882384,0.01895992186103626,0.13473759597044496,0.24031833731425445,-0.7885096915148582,-0.9945727078196773,0.8607733712877339,-0.24488571344884552,-0.2334849761206408,-0.2570653831410892,-0.17584398118176695,-0.9770113236122563,-0.20140712512885972,-1.0760065458782828,0.12772720469409554,0.22934247218461631,-0.3347461834456894,-0.32044215276061255,0.8563830252358787,0.6044338114858626,-0.23291847985588532,-0.3368705444385226,-0.6260668875962138,2.24868921993875,0.5011190552010752,-0.419578999092828,-0.972620977560401,-0.4310505484541272,-0.9275845245123374,-0.9354446601858203,-0.904641425789739,-0.45682612850050314,-0.4683684898948969,0.22920084811842725,-0.48366388904329577,-0.40138030658755697,-0.6909307099107205,-0.9038624934257001,-0.8841767482254461,-0.7589102616813824,0.24201782610852107,-0.5384015906252976,1.7054193020382091,2.3199969372648503,1.2692879902095557,2.1299374404393743,2.352995344686859,3.7814864883009887,2.2834579281881195
0.0007561152899595357,-0.2315225017856943,-0.7154362873599732,-0.36121139631960103,-0.376696637457978,0.6298440365365221,0.13044500982386634,-0.6805944947986251,-0.8993235258781991,0.2020642500888595,0.10721714811630088,-0.9573931801471126,1.413784369166854,0.29691135206141817,-0.343790500038927,-0.8509321473207713,0.13044500982386634,-0.21216595036272315,-0.7657633210596982,0.6588788636709788,0.016241356428336403,-0.36895401688878954,0.6627501739555731,-0.6341387713834943,0.12076673411238074,-0.7270502182137559,-0.07667009040192509,-0.6341387713834943,0.17496507809669992,-0.5896187031106607,0.31626790348438927,-0.1889380886551577,0.4440211428759991,-0.04763526326746835,0.6975919665169211,0.11689542382778646,-0.3670183617464924,0.6666214842401673,-0.5102568422764789,0.40724369517235376,-0.6864014602255164,-1.0677255232580483,-1.131602142953853,0.6975919665169211,6.58391925424245,-0.5218707731302616,0.6298440365365221,-0.11538319324786739,-0.17345284751678086,0.4266002465953249,-0.5586482208339068,1.6692908479500728,0.5388682448485576,-0.545098634837827,-0.32830525890055007,0.039469218135901846,0.06463273498576429,-0.14441802038232412,-0.4812220151420222,-0.09989795210949053,-0.2315225017856943,-0.6573666330910597,-0.17732415780137514,-0.3844392580271664
-0.5585150037657014,-0.05739652247986515,0.09025445861328324,0.2602768004781204,-0.7911771557912682,0.4616190474233225,-0.16477905418397287,0.5868986677447815,1.1372341427283341,0.1484199966196748,-0.07529361109721638,0.5958472120534573,-2.3348010490378175,-0.9611994976561056,-1.1804388332186588,-1.5518034220286985,0.5153103132753766,-0.7016917127045118,-0.12003633264059463,-0.12003633264059463,-0.74643443424789,1.5130730036927111,-1.60996896003509,-0.4242868391355667,0.28264816124980957,0.11262581938497236,-0.9611994976561056,0.7748180982269702,-1.2386043712250507,-0.25426449727072936,-1.0685820293602133,-0.38849266190086407,-0.16477905418397287,0.39450496510825517,1.1953996807347256,-0.2721615858880806,0.06788309784159412,0.03656319276122922,-0.5629892759200391,-1.3459869029291585,0.06788309784159412,-1.4533694346332662,-1.2699242763054155,-0.74643443424789,0.7613952817639569,-0.898559687495376,0.5958472120534573,1.1014399654936313,-1.1893873775273345,-0.7732800671739171,0.24685398401510708,1.9560259469721561,1.2983079402844957,-0.38849266190086407,-0.7240630734762009,0.24685398401510708,0.5466302183557411,1.266988035204131,0.9985317059438614,1.8083749658790074,-0.38849266190086407,2.4258245231776274,2.184213826843385,1.8083749658790074
0.042677740143397494,-0.0013767012949483062,0.09554306986941243,-0.49478644540442124,-0.15116180218532405,1.6066104112046733,0.20567917346527692,0.020650519424224592,-0.0013767012949483062,0.047083184287232134,0.3510588302118181,-0.92651997150021,-1.3318208327329915,-0.8207893120481802,-0.8692491976303605,-0.6621933228701353,-0.6621933228701353,-0.5873007724249475,-1.0058179660892326,0.509654819389863,-0.6621933228701353,-0.644571546294797,-0.5300299985550979,-2.5873724137258467,-0.0013767012949483062,-0.6621933228701353,1.0294972283623434,0.8709012391842984,1.527312416615651,-0.14235091389765483,-0.4419211156784063,0.042677740143397494,-0.06305291930863235,-0.9044927507810372,-0.697436876020812,1.2321476589787341,-0.2745142382126922,0.8224413536021182,-0.5652735517057745,-0.6621933228701353,-0.5300299985550979,0.08673218158174328,-0.3538122328017147,0.9634155662048246,4.509798101991661,0.09994851401324706,0.509654819389863,0.9898482310678322,0.9237665689103135,-0.2524870174935193,-0.2965414589318651,1.2673912121294106,-0.7326804291714886,-0.2965414589318651,-1.7591489146849455,0.7695760238761031,-0.5652735517057745,2.108831043601816,0.4479786013761788,-1.063088739959082,0.2761662797666303,0.9678210103486593,0.4259513806570059,-0.5476517751304362
-0.34135614728054975,-0.6271788144005552,-0.17359066875358994,0.5130050859585966,-0.4998013214449006,0.15106659987728535,-0.14407637160532888,-0.44853964745055186,0.659023187639469,0.3592200639755502,0.2023282738716343,0.04698986782815314,-0.015145494589239325,-0.8726134959492554,0.0656304765533707,-0.4267922706044644,-0.28698770516533134,0.2799974768933749,0.5083449337772921,-1.0636797353827372,-1.0994075687727378,0.11223199836641505,-0.6178585100379462,-0.5930043650709893,-1.4582392867331795,-1.4256182214640483,-0.5867908288292499,-0.6209652781588159,0.3747539045798983,0.6046547455242506,-0.579023908527076,-1.2267850617283924,-0.24815310365446108,-0.34135614728054975,1.0116413693581712,0.5471795352881623,-0.7297021623892527,-0.4656268721153347,-0.9766902279983878,-1.007757909207084,-0.5743637563457715,-0.1425229875448937,0.7895074487159933,0.8531961951938205,3.9848184610304003,0.6574698035790343,0.9774669200286055,-0.3755305966101157,1.4714430512468752,1.0893105723799117,2.1331846609921055,3.2997760903786486,-1.5623160187823117,-0.9937774526631706,-0.06640716858358829,0.3421328393107674,0.21786211447598242,0.07650416497641466,0.8796037242212121,-0.9316420902457782,1.2788234277529589,-0.7095081696036002,-0.8695067278283858,-0.38485090097272445
-0.6766246988153165,-0.0017502114349171249,-0.0764415480438848,-0.5796104643071885,-0.1989475460835462,-0.4863049762428746,-0.6925629192922145,-0.747536869744195,-0.7491330390997607,-0.6722587061662694,1.1398629739758763,1.260843221896247,-0.7836854110320047,-0.49003719576544713,-0.027265448045208696,0.41447442110757676,-0.7072335935161631,-0.32309665963628986,-0.5917929921827554,-0.5983419811563262,-0.8728596372348546,-0.7820657685976808,-0.8812395263515742,-0.5885302342353493,0.2779549950491997,-0.5245191484614162,-0.897834993033705,-0.8072758551841143,-0.1028957078045092,0.9539327171312398,0.15237402369219863,0.3773869566694344,-0.6542313816798812,0.2282624873178404,0.9589794290642782,0.9178311220009471,-0.7609869438727113,-0.8937976234872743,-0.8334952841571555,0.8620121407136669,-0.7386875190523092,-0.4627380051695234,-0.6437154423961547,0.5746312374755802,-0.5447764154298447,-0.8587523169011055,-0.5882016111327328,0.42581191814784436,0.1940152654094546,-0.7479124390043282,-0.6615080360949598,-0.39595709610210883,-0.9050177551337502,-0.6309930337091464,0.07127453658221011,-0.1634093048434528,1.0100333753636197,1.1415060894889586,1.1170706145015497,1.20037657101482,4.148337059193214,2.84135603393007,1.300489251919046,2.7752088979891294
0.8154778165014733,-0.691447777167918,-0.5530091675590728,-0.8992995831912824,-0.28156091342408207,-0.8585823450710338,0.8569706210621074,-0.1551435836412151,1.1450935536653906,0.5227014852558762,0.07093403373121313,0.6161572413223513,-0.8426832330431271,-0.6782631476813614,0.7437379207657973,-0.5564992165408085,-0.26604958461636835,0.9659377059362966,0.3788339105643311,-1.4980368751690332,-1.5565921414181527,0.5017611913654623,-1.1901369983359154,-0.8015782117026858,-0.6728341825986617,-1.0551884377088057,-1.1102536549761894,-0.8799104221816402,-0.6848554624246397,1.831082070186531,0.0608516700061991,0.5932780313309736,-0.20826988480763467,-0.6065232519456852,-0.27496859868080376,0.20665816079870847,-0.5258643421455738,-0.5417634541734804,-1.1300305992060244,1.3793146186618683,-0.3730777533895933,-1.7931399057357875,-0.6689563503967332,-1.1094780885358038,-1.4383182592593353,0.12832595031975383,1.6949701598988431,-0.6084621680466495,3.0747028573449815,1.0780070565720283,0.8414592922543936,-0.2299857451384338,0.07326073305236984,-0.6115644338081923,-0.299398941552953,1.8035494615528394,-0.7786990017113079,2.1828014509014406,0.6657934935070355,0.8344791942909227,1.253672855319387,0.634383052671415,1.436706535250409,0.03952359289559269
0.7694588007731225,1.105427270170761,0.5662044011923714,-0.8008503029364707,-0.1008968022654482,-1.3749211694260615,0.04839693156557922,-0.9529840718069573,1.3875885892262145,1.9410883911056684,-0.03749493895211734,-0.4614277368692197,0.7632414267678201,-0.6091095589210946,3.325874124805188,-0.5071753283156426,0.056379732757572534,-0.43348793269724345,0.03565515273989778,1.3000848069293656,-1.321421049898953,-0.192545500565832,-1.1488697318258683,-0.8885076006408581,-0.4178293611283335,-0.34061111113655285,-1.2934812457269766,-0.202216971240747,-0.2616274339580812,0.6097260192294887,1.0546904279793423,0.6844880227006561,2.599208943222496,0.12622924318751338,0.9493788584080471,-0.1623797229845499,-0.34805660840216196,2.1835659773124636,0.4162198480274218,-0.4319527786218601,-0.4730949078421329,-1.3317065822040213,-0.40524109771019046,-1.212578625954276,-0.8307858074064454,-1.0690417199059359,-0.6451089219888335,-0.10772823790090402,-0.12760848317711768,-0.198072055237212,-1.1225418394330446,-1.0153113272675198,-1.040794884918883,1.147183461021187,-1.0888452074783808,0.4767049185975242,-0.6245378573786969,-0.4693337803574439,0.49412891735312503,0.6387404312542331,-0.26945671974253615,-0.2689961735199212,2.0040297081963843,-0.09506321677899167
1.1629680809847376,0.5456276657322948,-0.5475231569090392,0.4094892772159265,0.34074613053934455,-0.29142123791785113,0.2410011726164607,-0.7281424050396665,-1.3886157750695725,-0.6283974471167827,1.3894160935664193,0.032075922913123146,-1.178342620529439,-0.14989123005429988,-0.8171041242681844,-0.021840270558705906,-0.17415351711662314,-0.4936069634372101,-1.4074864427847125,-0.744317263081215,-0.8791077467607877,1.258669324397234,0.29356946125149413,0.19786821783899763,-0.5232608698467162,-0.43969076996538103,-0.04879836729462043,0.6143708124088767,0.8812559700944307,-0.10810618011363246,0.2881778419043111,-0.5475231569090392,-0.6567034486894929,-0.15663075423827852,-1.9897813322804663,-0.8440622210040989,-0.838670601656916,-0.6149183987488255,-1.3993990137639383,0.48766775775007876,-0.42621172159742376,0.6615474816967272,-0.281985904060281,-1.089380901300921,-1.7013296972061807,0.5429318560587034,-0.5232608698467162,-1.040856327176275,-0.32511885883774433,-1.0624228045650066,-0.41947219741344516,0.5375402367115205,1.175099224515899,-0.011057031864339942,0.3704000369488504,-0.37229552812559474,1.3665017113408922,0.46340547068775556,2.977247991311785,1.5592521030026811,1.0982686488185425,1.695390491519049,0.9917841667116801,3.288614008611598
-0.2348442523062154,-0.2247219422677794,-0.2689404545409474,-0.29264797015728444,-0.28225928353888957,-0.11018001288547669,-0.23644251178596848,-0.27853001141946576,-0.06862526641189712,-0.2028790627111542,-0.09419741808794607,-0.2665430653213178,-0.13628491772144338,-0.20980485379008415,-0.3283424318717695,-0.25109322368370485,-0.25775263818267596,-0.19062574003304741,-0.24150366680518648,-0.31369171997403306,7.5846402523856336,0.13328818119690622,-0.19062574003304741,-0.27107146718061814,-0.30889694153477393,-0.22365643594794402,-0.19701877795205966,0.713722748927226,0.10372038082147454,-0.20714108799049571,-0.184499078693994,-0.3083641883748562,-0.24656482182440453,-0.264412052681647,-0.003895757481898176,-0.18583096159378823,1.783491094041941,0.016615239174932777,-0.01375169094037539,-0.2010144266514423,-0.24656482182440453,-0.17890517051485827,-0.10059045600695833,-0.11710580396440663,0.3011054265709776,-0.17783966419502292,-0.24443380918473379,-0.2518923534235814,-0.16958199021629877,-0.12536347794313077,0.016615239174932777,0.010754954415838213,0.10718327636093954,0.06669403620719537,-0.2521587300035402,-0.2532242363233756,0.15513106075353136,-0.31156070733436236,-0.1831671957941998,-0.2665430653213178,-0.27906276457938345,-0.3025039036157616,-0.14054694300078485,-0.09526292440778146
0.468006294662195,0.25991188537402177,-0.013717368557052488,-0.004780798833020419,-0.2707501358577815,-0.5205485371914371,-0.3299017164120884,-0.7448138821707156,0.7620619936767707,-0.5928921968621721,-0.7814112629453228,-0.04222928148610683,-0.4035220289005422,-0.23840826447557045,-0.30096425254379444,1.0233502703698962,-0.5477837973027726,0.108415751004718,-0.4831000545383508,-0.037548221154470936,2.3876665815721103,-0.90694879002101,2.1804232741624165,0.12586333951354217,1.8804098619984861,-0.1988320271262862,-0.3707546065790917,-0.2898999281235643,-0.43033173807263814,-0.8184341946591694,-0.1792566839212637,-0.05201695308861808,-0.0452081380607841,-0.5745935064748686,-0.5367194728825426,0.21735679145005998,1.967222253603368,0.22374005553865425,-0.3209651466880564,-0.7320473539935272,1.0727141793216919,-0.614169743824153,0.17522724846533794,-0.5124630693458845,0.3075735905688589,-0.24308932480720635,-0.8477972094667031,-1.0303585624004992,-0.7094931542138274,1.0425000626356788,-0.4813978507813923,-0.22436508348066328,5.311627085087523,0.7263157147806429,0.1799083087969736,-0.6728957734392202,0.19054708227796402,-0.7643892253757381,-0.41330970050305343,-0.7516226971985496,-0.5737424045963893,-0.7963055458187094,-0.3316039201690469,-0.8754580205172783
-0.6026501982691501,-0.3500374406948372,-0.1357521359938686,-0.4197237186463718,-0.20630949241979707,0.43741750015750364,0.48097142387721276,-0.39881783526091164,2.100306307775998,0.3712155361035456,1.2666842077807654,-0.10613546786446608,0.9130263471767275,0.3006581796776171,0.8128523226213965,0.14212189733787595,0.405187596604919,-0.644461965040071,-0.04254673923369115,-0.33871342052771325,-0.06867909346551662,-0.17756390276478945,-1.322161018118745,-0.8909771732936248,-0.744635989595402,-1.2185026796658374,-1.0399315924150299,-0.8038693258542066,1.5837567724602482,0.6717376097695386,-0.33000263578377137,0.5236542691225275,0.41999593066962,0.22661650935411157,-0.3552639115412025,-1.8474213381784372,-0.8456810926251274,1.1996111652524133,-1.167980128150975,0.5288807399688928,-0.5686781377677772,-0.12791242972432065,1.217032734740297,2.4661592670215544,4.414761814241341,0.5271385830201045,0.2719125900226089,0.09159934582301325,0.11163415073407956,-1.7690242754829608,0.8320160490580685,0.620343979780282,-1.1226840474824773,-0.28122224121769696,-0.5059604876113962,-0.607005590641121,0.14037974038908718,-0.6505595143608301,-0.3369712635789245,-0.6906291241829627,-0.36833008865711525,-0.7350541263770662,-0.10700654633886046,-1.1488164017143028
-0.2975557124935343,-0.6010244248682782,-0.3281677271651725,-0.5948779179853902,0.013505743677718271,-0.48038416232375136,2.5747913176999813,-0.28514217898495664,-0.6886422778851324,4.98554773296289,0.21332747724297865,-0.43928693002836305,2.9484025203853292,-0.5225660723043551,-0.6286234459698733,-0.08303057030646353,-0.5943958390141834,0.6062218387766025,0.48196598394802403,-0.5571552384884503,0.33553449644392797,-0.0790534187940066,1.7139187948672587,0.08244303656030512,-0.502077716028062,-0.32443161513831903,1.7722503503832934,-0.658150782956296,1.2443738769117372,-0.60813508969358,-0.055793108433273626,-0.4297658703470268,-0.39324838827810404,-0.5458263826650881,-0.59764987206983,-0.47122466187082024,-0.434948219287501,0.15463436249853846,-0.31105392368732754,-0.4382022523431476,-0.45965476656185467,1.509758350561136,0.8610005750594496,0.31745653502366916,-0.48568703100702726,1.1207206207971674,-0.6620074147259513,0.23935974168815133,-0.5402824744962088,-0.7231109243264258,-0.5670378573981917,-0.6286234459698733,-0.6599585790983219,-0.33889398427452605,-0.5316050530144846,-0.40325152693064725,-0.6671897636664254,-0.3501023203550864,-0.5053317490837085,-0.24416546643237005,-0.5430544285806485,-0.23874207800629244,-0.3692649594605608,-0.30683573268926717
0.07843262693817396,0.3663208218890682,0.3122210268647391,0.6155663061082991,-0.5050723051099477,-0.0800024870616472,-1.2141660470359763,0.267781909523326,-0.07034180937873127,1.2956780149855798,-0.38527990184179023,0.13446455749908615,-0.7968247711340084,1.7825761702045424,-0.48575094974411587,0.2774425872062419,-0.060681131695815356,0.4919096317669752,-0.6963537232316831,0.8203726729861165,1.956468368497029,-0.4432439679392858,0.383710041718317,0.887997416766528,-2.4797148234979622,1.106328732400428,-0.5147329827928636,0.24073201201116126,-1.0054954090849924,-1.1233556768165667,-0.1283058754762268,-0.4625653233051176,-0.041359776329983514,-1.075052288401987,-1.316569230474885,0.383710041718317,3.1582566722517695,-0.13796655315914272,-1.5484254948648672,-0.023970556500734746,0.016604289767512014,1.1855462894003383,0.016604289767512014,-0.3543657332564594,-2.1261340203032395,-1.1619983875482303,0.1518537773283349,-0.7968247711340084,-0.23457332998830194,-1.0422059842800728,0.853218977108031,-0.3794834952320407,-1.5638825791575326,0.7450193870593722,-0.6190683017683557,1.4521809934488181,-0.7118108075243484,1.9989753503018588,-0.6325932505244377,0.3334745177671543,1.0599574795224316,0.6542090168399628,-0.023970556500734746,1.2145283224490862
-0.13505063300397274,-0.05944557542902428,0.011588013548368926,0.015104527854180483,1.413973918706018,-0.9980032436501289,1.3225445467549175,1.6358659714027268,-1.3960726630679972,0.3059202609447964,0.14943537433618212,-0.02111556949567839,-1.598623887082743,0.3751955927692838,-0.7279349449638013,-0.5320650981300976,0.00314837921442127,0.08895132827622318,0.06890719673309754,0.018972693590573277,-1.131279135840387,0.2398097919955389,-1.386578074442306,2.2276953290708117,-0.4624381148750288,0.960695224686908,-1.1256527129510885,0.042884990870091705,-0.6625277788757065,0.058006002385081634,-0.4001958116621643,-0.0823029184167994,-0.42094324606645256,-0.6122416243026012,0.04921471662055275,-0.017599055189866836,-0.7775177966757444,0.4796360676518872,-0.46630628061142154,0.667066280151643,-1.2613901651554147,-1.3682922000520858,-1.0131242551651187,-1.0563773811266008,-1.865878974324421,-0.1681058674786017,-0.4139102174548294,-0.3372502055881373,0.13958913427990952,-0.2845024910009639,-0.4793173835429243,-0.13786384444862224,-0.9695194777730555,0.38820669570078675,-0.5405047324640455,-0.4677128863337461,0.1659629915734962,2.703128063216534,0.7880343722715609,1.8475601326125828,1.6552068000846905,2.7400514634275557,0.7954190523137649,2.019869333597349
0.13731533664463483,-0.5489523613223188,0.5745638058935902,-0.832394836363099,0.948825058466817,0.7811032838302827,0.14610425059938761,0.41343371672312085,-0.22303013550023293,-0.6522221002906651,-1.1868810325381316,-0.0011100581427231934,0.4690968384365559,-0.2347486874399036,-0.6837157086285297,-0.04432221842025799,-0.1505215953735219,0.5540563399991668,-1.0367370858111034,1.1927174207112088,-0.6690675187039415,-0.8228735129121169,2.026931836916502,3.2251537727478112,1.1392515274864625,2.253978780747618,1.04330588348041,1.04330588348041,-0.6082775305169007,-0.3409480643931675,-0.17908556572646855,-0.1805503847189277,0.4075744407532855,-0.199593031620892,0.2925861498452689,-0.05970281784107569,1.614585290539347,-1.6263267302757753,1.1150820141108921,0.5562535684878551,0.27354350294330415,-0.9129598809483337,-0.8653532636934222,1.5743027682467297,-2.045997371615225,-1.2484034302214018,-0.6119395779980478,-1.9749536504809728,-0.7459705158080292,-1.7435122496724804,0.6023953667503078,-0.007701743608787682,0.2889241023641218,1.4153699075649482,-0.7188713644475411,0.21421833374872248,-0.9422562607975099,0.43540600161000304,-0.5643329607431364,-0.5679950082242834,0.08531426241234683,-0.9092978334671866,-0.5738542841941188,-0.11023907308090455
-0.6685554355714336,-1.0275738852600746,-0.8412907274027608,0.6083309373777905,0.12738169345527106,-1.0478956842990546,-0.4754983447011264,-0.38066328251922127,1.1434716454042557,1.0689583822613302,0.08335112887081515,-0.23163675623337024,-0.28582822033731614,-1.291757272766811,0.12738169345527106,-0.973382421156129,-1.2443397416758581,-1.9793114735856239,-2.348490822793755,0.1781861910527203,-1.5830363923255197,0.6896181335337093,0.7201008320921788,0.1544774255072439,1.5499076261838496,1.4753943630409239,-0.1266407945319751,0.47285227711792593,0.9605754540534385,0.4423695785594562,-0.411145981077691,-0.4856592442206162,-0.8548385934287475,-1.2003091770914023,-2.409456219910694,0.7234877985986754,1.5837772912488157,-2.409456219910694,1.211210975534188,-0.5330767753115689,-0.0589014644020428,0.18834709057221002,0.4423695785594562,0.18157315755921696,-0.6888772346104131,0.8792882578975196,1.1434716454042557,0.14431652598775413,-0.8277428613767747,1.30943300422259,1.3297548032615696,0.09012506188380824,0.7268747651051721,-0.2892151868438126,-0.7904862298053116,-0.38066328251922127,0.479626210130919,1.7531256165736464,0.9842842195989148,-0.06567539741503613,0.7031659995596957,0.39495204746850365,1.2687894061446305,0.5710743058063278
-0.5125104285284651,0.5910225360385195,-0.29984707879704325,-0.3516455648889629,-0.4256434021631339,-0.7634596158060883,-0.2969515112515322,-0.7100524810777736,0.023813026845634994,0.4439920506720146,-0.30821205170629734,-0.039567729428328806,0.12129713421117332,-0.6218985358033264,-0.33073313261582765,-0.3001688085243222,0.40570621312581295,-0.37513183498033026,-0.7332170214418618,-0.7666769130788783,-0.22617097125015126,-0.5221623203468352,-0.6354111843490446,-0.3149683759791564,-0.278934646523908,-0.2757173492511179,-0.6218985358033264,-0.2728217817056069,-0.7538077239877182,-0.29984707879704325,0.11872329639294124,-0.13479972870291404,0.1724521608485349,0.07368113457388065,0.4825996179454951,-0.3490717270707308,-0.21812772806817615,-0.4867720503461447,-0.30595994361534434,-0.08107086424732037,0.29631810585095153,-0.7023309676230776,-0.6218985358033264,-0.584899617166241,-0.1724421067945576,-0.7132697783505637,-0.3339504298886177,-0.4870937800734237,-0.27989983570574495,-0.46939864507307844,-0.440442969617968,-0.7859806967156187,-0.6177160493486995,-0.5707435091659647,-0.586508265802636,0.6743505354037815,-0.50768448261928,1.1933005855048155,4.6885723426639165,1.7363803651517746,1.6025407986037088,2.5088534403486635,1.7029204735147583,3.650993972189128
-0.47488488702730375,0.4281429218231271,-0.15247765584458933,-0.42963623312311905,-0.4759843870287139,-0.549820040969561,-0.49391469474401695,-0.5245315409371288,-0.4043477330906868,0.7683958837979592,0.2453721908194948,-0.15450750200103872,-0.34522846378409777,-0.32213896375448575,-0.48156646395894975,-0.47090977163759035,0.7190029606576902,-0.3569000791836819,-0.4193178484945012,-0.3426065791653506,-0.4924768870498653,-0.1402985789058929,-0.6133373102817905,-0.3968203869271869,-0.4753923485664161,-0.3553776945663448,-0.6047104641168805,-0.44054665621403466,-0.5613225025227744,-0.5608150409836621,-0.5159892716954043,-0.37313884843527717,-0.1508706943040669,0.6586150375033204,0.13838238298997385,-0.5792528102380776,-0.40257161770379357,-0.6234865410640376,-0.40696961770943396,-0.39935769462274867,-0.2883081944803289,-0.549820040969561,-0.556501617901207,-0.6483521564805428,-0.5884716948652853,-0.4711635024071465,-0.4247307715783663,-0.521317617856084,-0.30091015603495236,-0.23045757902152073,-0.5160738486185897,-0.5101534639956122,-0.565128464066117,-0.48655650242688786,-0.5836508102437179,0.47559057573013197,0.16798430610486106,1.6164486925778851,3.96904038790275,1.6947669234475582,2.1012436162765527,3.1838282330495704,2.4563821167320135,3.1099080021855374
0.007519702194908391,1.268974590221791,-0.7133116623918817,-0.5776257584696622,0.09868366889264943,0.15592615960983575,0.4463787976933362,1.0378845351042612,0.5142217496544462,-0.8320368283238234,0.49938110391295315,0.007519702194908391,0.14108551386834325,-0.05608306526863191,-1.6037504068814459,-0.39529782507418015,-0.6878705554064655,-0.6433486181819874,1.0908868413238781,0.410337229463997,-1.05252642219743,0.2364896650636537,-0.9592423632509041,-0.8829190422946558,0.632946915586388,-0.9783231934899662,-0.8574779353092397,0.03932108592667854,0.6096259008497567,0.730471159030483,-0.005200851297799548,-0.5712654817233083,-0.07728398775647867,0.3255335395126099,-1.4447434882225951,0.028720624682755158,-0.9041199647825026,-1.2857365695637444,0.5142217496544462,0.17712708209768252,0.11776449913171164,-1.0737273446852766,-1.137330112148817,1.086646656826309,-1.588909761139953,1.6972332244762955,2.0534087222721213,-0.6285079724404946,0.8831178009429801,-0.39529782507418015,3.5798751413970886,0.3997367682200736,0.8831178009429801,-1.3472192447784999,-1.313297768797945,-0.09424472574675603,-0.999524115977813,2.7551592566198493,-0.03912232727835455,0.8343556792209322,0.9191593691723193,-0.8659583043043785,0.11776449913171164,-0.28929321263494634
-0.278992919997,-0.5222484182764912,0.5872339763153344,2.4146167438783412,0.7414935605901337,0.4211082701732428,-0.10693415292126231,-0.34425659026710737,-0.47181740034049907,0.6346984637845035,0.6050331591162729,-0.6468426978830597,-0.8189014649587975,0.45670663577511966,-0.3887545472694533,-0.8900981961625509,0.24904950309750526,-0.5815790276129524,0.45670663577511966,-0.8782320742952587,-0.4629178089400299,0.664363768452734,-0.7833030993569207,-0.611244332281183,-0.7773700384232746,-0.22559537159418483,-0.032770891250685726,0.8126902917938872,-1.74149244014077,0.07105767508812147,-0.4985161745419066,-0.06836925685256257,-0.16626476225772358,-0.36502230353486875,-0.8189014649587975,0.9461841628009251,-0.5815790276129524,0.21048460702880553,-0.15736517085725435,-1.1897177733116804,1.9399718691866514,0.762259273857895,0.22235072889609772,-0.11286721385490851,4.9005692750760685,0.09775644928952901,-1.0947887983733422,-0.8396671782265589,-0.7892361602905668,0.6050331591162729,0.08885685788905989,0.13928787582505184,0.10072297975635211,-0.24339455439512325,0.4982380623106425,-0.10100109198761609,2.6074412242218408,-0.3353569988666381,-0.2700933285965308,-0.8426337086933819,-0.3383235293334612,0.3884764350381893,-0.9761275797004196,-1.269814095915903
-0.526106880765148,-0.3058061328045493,-0.0373724483147441,-0.2780371309607764,0.41803918192313205,1.0104445545902883,-0.5057429460797145,-0.2243503940628154,4.907361146666425,0.8253178756318018,0.7605235379963317,-0.0373724483147441,3.3393381758880456,-0.09661298558145977,0.34398851033973754,-0.28173966453994603,-0.005900912891801645,-0.3206162671212282,0.6161247284087125,-0.6260752874027306,-0.8408222349945746,-0.9130216397883842,-0.28173966453994603,-0.8408222349945746,-1.051866649007249,0.044083290426989705,-0.03181864794598957,-0.5631322165568452,0.08481115979785674,0.10702636127287514,-0.5631322165568452,0.08481115979785674,0.3273271092334737,0.41803918192313205,-0.2761858641711915,-1.2666135965990932,-0.3854106047566984,0.7234982022046345,-0.8278633674674806,-0.03181864794598957,-0.1391921217419117,0.35324484428766184,-0.3965182054942076,-0.2465655955378337,2.350761710249729,0.3273271092334737,-0.9333855744738178,-0.1391921217419117,-0.2669295302232672,-1.2703161301782628,0.5846531929857697,0.5587354579315815,1.7009670671054422,0.010760488214462226,0.010760488214462226,-0.48908154497345074,-0.22990419443156995,-0.472420143867187,-0.378005537598359,-0.5686860169255998,-0.6223727538235609,-0.5816448844526939,-1.7757119637349303,-0.2780371309607764
-0.41741349829202784,-0.536367233296244,-0.39189328209431473,-0.4035636839918915,1.62539895916513,-0.3920338893460928,-0.4042667202507817,3.706456589105913,-0.37705921703173223,-0.32890123329775584,-0.38479261587952407,-0.40883645593356777,-0.4252875043915977,-0.37375494661494846,-0.3944242126263194,-0.1488536473959841,-0.41375770974579895,-0.4340051540018357,-0.2541684789777311,-0.43660638815972935,-0.4501046843304206,-0.27554078124799214,-0.45629140340865404,-0.45762717230054534,-0.4737970062550192,-0.08902526176443089,-0.41762440916969484,-0.07341785681706915,-0.33818131191510603,-0.4178353200473619,1.1468421777385935,-0.39611149964765574,-0.08881435088676379,-0.38556595576430325,2.046798892743896,-0.4318960452251652,1.498008789054232,0.5114380069536607,-0.41108617196201636,-0.371645837838278,-0.43273968873583346,-0.3966036250288789,-0.1177794447530387,-0.31287200659506,0.16779388360814712,-0.38247259622518653,-0.388589011677531,-0.485678319030263,-0.4583302085594355,-0.5699020628453051,2.2341580557381255,-0.26007398355240846,4.141073604351814,3.041243680944037,-0.15771190425800014,-0.44954225532330844,-0.30429496423659996,-0.44483191238874437,-0.4283808639307144,-0.18625517636894093,-0.4796322072038076,-0.48019463621091973,-0.4509483278410888,-0.4718285047301268
0.0734517788891076,0.2041537394702819,-0.486823958802193,-0.27508678266069053,0.8454646927219106,0.5544349938278289,-0.2559171617754517,0.9665818428604652,-0.6018416841136263,0.3392124320708287,0.2067677786819055,-0.15745501813763366,0.39584994832267084,-0.9521229384711732,-0.7804676969078977,-0.645409004307351,-0.1679111749841275,-0.2768294754684394,1.534699698186636,-0.3282389132970347,-0.8867719581805861,-0.1487415540988887,-0.7621694224265334,-0.9852341018184042,-0.645409004307351,-1.926288218002859,-1.5254688722205914,-0.5399760894385371,-0.2445896585250832,0.9474122219752265,0.013328877021767374,-0.849304062813983,-0.16006905734925725,0.018556955445014296,1.0380322479781738,-0.5478182070734077,-1.1987139707676555,-0.004098051055722533,-1.2178835916528945,0.6250140525416632,-0.3996893184147434,-0.6070697625368732,-0.2524317761599537,-0.2602738937948242,5.6744664629943635,-0.7761109648885253,0.40282071955366694,-0.2620165866025731,0.6485404054462744,0.5910315427905576,1.4806762211464175,-0.5059935796874317,0.5945169284060559,-0.4005606648186179,0.07519447169685649,-0.19230887429261348,0.5831894251556874,0.5648911506743227,0.6136865492912947,-0.17749598542674716,1.3891848487395955,-0.17749598542674716,0.5483355690007076,-0.34740853418227374
0.09003961480185634,-0.14997552122480404,-0.1684382239960855,0.6178557057926115,0.0042423489823713734,0.10741627623365067,0.11610460694954786,-0.11087803300326653,0.3821847351238997,0.8676452138746561,0.33657099886543956,-0.11848032237967661,0.7655573279628639,0.18452521133723845,0.33765704020492665,-0.31179568080838954,-0.16192197595916263,-0.2629238205314678,0.3202803787731323,-0.20427758819916156,-0.2553215311550575,1.1717367889310581,-0.192331133464803,1.0370676628346516,0.08569544944390767,-0.12282448773762528,0.20841812080595565,-0.16083593461967555,0.05637233327775457,-0.2129659189150586,-0.35958149974582393,-0.10110366094788227,0.19538562473210996,0.14759980579467527,-0.20753571221762285,1.499721273456178,-0.6799636948945333,-0.5963385117540229,0.2996455933228764,0.3463453709208238,0.1573741778500597,0.13782543373929088,-0.003359940394038712,0.42128222334543725,0.6688996487485076,-0.4442927242258218,0.2279668649167245,0.3137641307362093,0.1323952270418551,-0.3856464918935156,-6.002652299721058,-3.6003288567754814,1.3617940233413095,-0.5691874782668441,-0.4844762537868462,-0.04245742861557607,1.090283688469522,0.1508579298131367,0.1399975164182652,-0.30093526741351806,0.3539476602972339,0.6536950699956875,0.6308882018664573,0.5917907136449199
-0.9536779327465067,0.3115028423543867,-0.7097036785948192,0.4997115526999741,-1.040811594943538,0.6251840262636991,-0.8386614986464256,-0.5319510077128756,-0.0021783415549257185,2.904600629338036,1.364077481694524,0.13026482498456177,-2.0968715807715563,-1.0791504063102317,0.3045321493786242,-1.1906814939224317,-0.6434820953250755,-0.4901268498583006,0.7471711533395428,-0.3855664552218631,-1.2499323842164127,0.3324149212816742,-0.45875873146736934,-1.1174892176769256,-0.11370942916712569,0.3812097721120117,0.17208898283913673,1.7404949023856988,0.9109824382699615,0.34635630723319916,-0.28100606058542565,-0.6783355602038881,0.5554770965060741,-1.2011375333860754,-1.5810403005651315,-0.44830269200372563,-0.0230904204822132,-0.3228302184400006,0.15117690391184924,-0.4552733849794881,-1.3544927788528502,0.20694244771794923,3.284503396517092,1.3989309465733364,-0.8630589240615941,-0.09976804321560072,0.06752858820269926,0.32544422830591163,0.9388652101730115,-0.3054034860005944,-0.5284656612249943,-0.7341011040099881,1.71609747697053,0.778539271730474,-0.7027329856190567,1.4860646087703677,0.45440204835751796,1.0085721399306364,0.3742390791362492,-0.12416546863076944,-1.4311704015862379,-0.3228302184400006,-0.28100606058542565,1.1235885740307174
-0.6529314853496918,-0.8804412844820736,-0.3017750562540596,0.03207084464671803,-0.2819915954599391,-0.5515412487798262,0.42279419533059076,-1.335460882746837,-1.2637458373681514,-0.47982620340114057,-1.063438296827685,-1.083221757621805,1.0781213341358205,-0.017387807338582507,-0.2201682804783137,-0.4526239448092255,-0.4526239448092255,-0.9002247452761937,-0.6455126875518968,0.029597912047452973,0.6231017358710572,0.3535520825511704,1.555397325793969,-0.9941961840482646,1.3649815156505627,-1.4195405911218473,-0.7493758567210277,0.3857002063416155,-1.3404067479453672,-0.43284048401510544,-1.0238713752394446,-0.9521563298607592,-0.7741051827136779,-0.7271194633276423,0.8135175460144637,-0.019860739937847385,0.9322183107791845,-0.526811922787176,1.1918762337020115,-0.3487607756400947,-0.3759630342320101,0.8357739394078488,-1.2810563655630065,-0.07921112232020795,-0.36854423643421474,0.8753408609960892,0.39064607154014563,-0.044590065930497566,-0.8482931606916284,0.9050160521872693,0.2274325199886544,1.3056311332682022,3.6944840241582098,0.09142122702907841,-0.8235638346989782,-1.2167601179821161,0.2150678569923293,1.983214665466817,0.9890957605622799,2.3145876337683293,0.0098144512533329,-0.29435625845626423,1.2487536834851067,1.3550897852535027
-0.814550557737827,0.025270035634095862,0.21315661004324285,0.3888953455897304,-0.1642362506234067,-0.268707664842286,1.2408637778243137,-0.5327206961241056,1.8085727806726424,1.3234690820904038,1.010054839433766,-0.2654682411455767,1.400405394887253,0.1507977038815867,0.46907108208328885,-1.2704994430496803,-0.8728601842785968,-0.4533548155547242,0.4820287768701268,-1.3482456117707071,-0.8866277349896119,0.41076145554251947,-0.11159561555187827,-1.5426110335732737,-1.453526881913764,-1.7936663700682551,-1.0728945975504047,-0.4379675529953545,0.42452900625353407,0.8108302820861352,-1.33204849328716,0.34516312568415314,0.6423802498572437,-0.0484268534660441,0.11192461952107284,-0.929550098971012,-0.15451797953327845,0.2261143048300808,-1.7960959378407875,0.5038948868229159,-0.20553890275645179,-0.0484268534660441,1.4919191143192954,-0.42096057858762975,2.3698029361275537,2.1640995313865043,0.4472049721305007,-0.8542334980225175,1.2076596849330417,0.813259849858667,1.196321701994559,1.6587494346998308,2.1462827010546017,-0.4387774089195316,-0.9076839890182234,-0.4736012136591582,0.3500222612292175,-0.36265095204685993,-0.24684155488949733,-0.42500985820851656,-0.38694662977218075,-1.4097946620081867,-1.0550777672185028,-1.0477890639009064
-0.38182766658960343,0.7723225171276004,0.2478034074851562,0.09169652961538109,0.03966090365878938,-0.38182766658960343,0.35811893451313054,-0.2621457268894425,3.745638184287251,0.13332503038065444,1.661091008466187,0.11251077999801777,1.3936278910493058,0.2197041694685968,0.6089306516239025,-0.08314317359876715,0.2030527691624872,-0.8896953759259385,-0.44843326781404086,-0.9282017391338163,-0.8844918133302794,1.220869612873421,-0.48173606842625943,-1.4485579986997332,-0.9594231147077713,-1.307021096097804,-0.5816444702629154,-0.29544852750166106,2.0596839032936796,0.5683428633777612,0.3050425960374071,0.5100629623063783,0.5048593997107191,0.5881164012412659,-0.6253543960664526,-0.10916098657706301,-0.7304663604987678,-0.6014180081264203,0.3924624476444809,-1.1290592553262602,-0.15599304993799554,0.5506507505525201,0.23843699481296962,1.9129434380960908,2.598772988203969,0.3477118093218122,0.16246498091634592,-0.8720032631006972,-0.04463681039088912,-1.7097768410018237,-1.1915020064741704,-0.3474841534582528,0.9367550951504302,-1.8232145055871936,-1.005214465549572,-0.5015096062897644,0.06151586656055784,-0.7044485475204719,1.1834039621846748,-0.3245884780373525,-0.47028823071580933,-1.279962570600376,-0.5587487948420152,-0.21115081345198256
0.35878880193094653,-0.42618466835363045,-1.1227481573433578,-0.18774562789176238,0.8008387084051963,0.4043333377495057,-0.013604755644330606,1.2294931631681054,1.9742802783186602,0.7660105339557101,-0.38867740356187597,-0.9137791106464395,-0.980756369203144,-1.6799989485351392,-0.9137791106464395,0.0774843159927875,-0.8387645810629304,0.36950516330001937,0.5490042162319873,-0.8709136651701486,-0.13684291138866697,0.2837742723474375,-0.935211833384585,1.342014957543369,2.100197524405264,0.8115550697742693,-1.5031789859454392,0.47934786733301465,-0.5949673599165259,0.4766687769907466,0.13106612283815114,-0.8387645810629304,0.47934786733301465,-1.5514026121062665,2.019824814137219,-1.647849864427921,0.291811543374242,-0.5467437337556986,-0.4744082945144578,-0.5467437337556986,0.291811543374242,-0.7128473349763259,-0.5038782882794078,-1.1548972414505758,2.6092246894362185,-0.08326110454330335,0.3829006150113603,-0.5387064627288941,0.216797013790733,-0.24936470576393066,2.6547692252547774,-0.8066154969557122,0.04265614154330123,-0.045753839751548855,-1.1468599704237712,0.16053611660310096,-1.1200690670010893,1.3634476802815143,-1.2352699517186212,1.0794641040010873,0.9615841289412872,0.10159612907320129,0.573116029312401,-0.6726609798423032
-0.589944771742102,0.18295982543980796,-0.5402729772787437,-0.5761333899482475,-0.42576555670892263,-0.5984693041252527,-0.36043813065727803,-0.5289205952107979,0.24726266827232388,0.9213564598014643,0.6302108922538588,0.2653363162577537,-0.24765200989559305,-0.4320769893387552,-0.3283072009054026,-0.593551304673435,-0.2667912244289168,-0.3580610975888995,-0.2738813403052872,-0.6091249696041909,-0.6173216353572204,-0.5561745088396208,-0.5662973910446122,-0.49527328229461215,-0.5337566280050854,-0.43494582235231555,-0.6211740682611442,-0.6292887673566433,-0.4837159835828406,-0.5996168373306767,-0.5792891062631638,-0.2738403569765221,-0.2803157229214154,0.2148038718903274,-0.4330196059003536,-0.5440024601963721,-0.2791681897159912,-0.5295353451422752,-0.28580748897594505,-0.2919959716194823,-0.38072487839602587,-0.6527722147390727,-0.39224119377903216,-0.5948217878651545,-0.40740502542213664,-0.453183403652806,-0.008965103167376032,-0.31728268546757804,0.11886189925111787,-0.2580617754019405,-0.5463385099359854,-0.46072433614559305,-0.6479361819447853,-0.4317901060373992,-0.37547901231408704,0.9756593704152843,0.39267151873106604,2.268888309599502,4.036048462623882,1.4427463683516664,2.131430224921199,1.5831142693722953,2.7045820777017817,3.57572371393375
-0.43087145549050915,-0.08112523539357032,-0.14360816480935087,0.4536179111635086,-0.40374279119986006,0.039886007652181914,-0.31666215159634814,0.03703868428639958,-0.4489045034737977,-0.4818069068117277,-0.2304515274657142,-0.3571574172430313,-0.0890344669651881,-0.4440007798993946,-0.3498018318814268,-0.43237420948911653,-0.3348533842110691,-0.42454407023321494,-0.4867897227018469,-0.7356141479449427,-0.737986917416428,-0.561927422632216,-0.7850468452675539,-0.6881587585152359,-0.5409679589674288,-0.5934852566029709,-0.5117828944681592,-0.5078282786823503,-0.20893841759091386,-0.4326905787519812,-0.5703112080981309,-0.2264178193641892,0.2858631095294953,0.10276439864654337,-0.06388311056744356,-0.7470034414080723,-0.01864230597778975,-0.42319950086603986,-0.6645101561160988,-0.37693049617207575,-0.40239822183268503,-0.659290063278831,-0.4717621827157731,-0.6185575206849994,-0.6823059271522388,-0.4208267313945545,-0.3649875564989329,-0.5568655144263805,-0.3252832140094116,-0.2341688663043746,1.385483574931517,-0.2155821721110728,-0.37273860343911835,0.3149690817130487,-0.409911991825722,-0.09061631327951167,0.3616335479855937,1.244224699062423,1.740608072497156,2.0956534777470783,3.346340266167,4.234230602396814,2.163751961578708,2.870283617871326
-0.5325603745046658,-0.03549453832922593,-0.41842621094549065,-0.6123727322297501,-0.17604403231912732,0.2977328161352261,-0.09249365613686497,0.252242264244233,-0.664863573231459,0.18536571584671685,-0.21394527400918323,-0.20252732672180251,-1.3505520862218439,-0.9509465858208329,-0.7367241462385459,-0.9000415708312604,0.047716017993292954,1.0798168960061771,0.5625431055046584,-0.42291183309410435,-1.3129906643915317,0.03140466472560613,-1.220129224052298,0.05435383258694909,0.14465529664944832,-0.6236320969159173,-1.4892438983118144,0.22211157001364484,1.5684551996599783,0.7376409519018131,-0.5617622277852884,1.2624134339750046,0.22372005068309697,0.6790333534247219,0.6708550221335623,-0.07407541973876876,-0.4919632285939786,-1.2147600702683512,1.2107608152939964,0.6106162883297023,0.364518745903477,-1.5913484388360708,-0.7479608562673968,-1.3037022548918766,-1.2016883329968855,0.012465371209236341,-0.29334984790257534,-1.2361460667748738,0.22539649532449846,0.5977031336594502,0.5909067364645807,-0.6828287164832307,-1.667150922216182,-0.9766143125601235,-0.9943755638960491,0.7432139976016062,-0.6463320635467814,2.1069790587241224,1.9763523046387301,2.384362682904063,2.384068172358952,1.0839853529523638,1.7271510741601812,1.6014177260550952
0.18819357180168997,-0.5114533227140375,0.010012470161002436,-0.3556129708203475,-0.3163804346792787,2.2609792312548267,-0.39484550696141624,0.48570697087146175,-1.675896791234372,-0.5218063530845973,-0.0014303528801427627,-0.4498800368259712,-0.3485293184615433,-0.12130754664451973,0.5423761897418947,-0.1463727780679805,-0.07880563249169512,-0.05809957175057539,-0.076081150815232,0.8355304181293257,0.15114062100179157,-0.9462805982775504,0.3996133498952276,-0.7130649667723079,0.4393907823715888,-0.24717860009711567,1.0943561773933215,0.7347245961001905,1.8969884792793543,-1.0116681585126652,-1.0067640914950315,0.14732634665474328,-0.39484550696141624,-0.3071171969793042,-1.3386059596882387,0.5728903845182813,1.1760906276872147,-0.7266873751546234,0.09556119480194412,-1.402903727252768,0.9445096851878503,-0.37195986087912614,3.1992907206287224,0.226881211607466,-1.5658277315052624,-1.1658738214004771,-0.897784824436507,-0.7975238987426644,-0.5185369750728417,0.25903009538973093,-1.3881915261998674,1.9694596918732734,2.9584465404293834,0.9717545019524814,1.3869655094454594,0.7919387113059159,0.34021964934833154,-0.13111568067978702,-0.8939705500894587,-0.41500667136724323,-0.5485062735139359,-0.7550219845898399,-0.7680994966368627,-0.7103404850958448
-1.1524586042565896,-1.5966970129195088,-0.17788907207359633,0.3111175483150435,-2.023716878610997,-0.17788907207359633,-0.016034768142145127,-0.2502069525536064,0.8483360890236898,1.0446274788980032,0.7725744999493936,-0.3707367533536232,1.392442046920909,-0.0057036423592865424,-1.6483526418338017,0.20091887329788516,-1.0078228432965695,0.4454221834922051,0.38687913738933977,-0.3397433760050475,-0.20888244942217207,-1.9307367465652696,0.6107201960179425,-0.1985513236393135,1.1238327765665854,-0.45338575961649197,0.972309598417993,-0.8872930424965525,-1.248882444896603,-0.2639817869307512,-0.5325910572850744,-0.44649834242791947,-0.718551321376529,-0.12967715175358957,-0.16755794629073772,-1.0215976776737141,0.33177979988076056,0.5762831100750805,0.9619784726351344,-0.026365893925003714,-1.1731208558223067,-0.2674254955250374,0.9860844327951377,3.6549585933669393,0.35932946863505016,0.5487334413207909,1.4475413844294878,-0.15033940331930676,0.31800496550361584,-0.8012003276393976,2.453104293961057,1.4440976758352018,1.4544288016180604,-0.12967715175358957,-0.45338575961649197,-0.026365893925003714,-0.28464403849646835,-0.43272350805077475,-0.9113990026565558,0.2560182108064643,-0.3018625814678993,-0.7977566190451114,-1.3487499941309027,1.1789321140751647
