EWS,EWS,EWS,EWS,EWS,EWS,EWS,EWS,EWS,EWS,EWS,EWS,EWS,EWS,EWS,EWS,EWS,EWS,EWS,EWS,EWS,EWS,EWS,BL,BL,BL,BL,BL,BL,BL,BL,NB,NB,NB,NB,NB,NB,NB,NB,NB,NB,NB,NB,RMS,RMS,RMS,RMS,RMS,RMS,RMS,RMS,RMS,RMS,RMS,RMS,RMS,RMS,RMS,RMS,RMS,RMS,RMS,RMS
-0.6357331361270877,0.1225405996913788,-0.17107214551235617,-0.08404231642119783,1.3725780410664599,1.382214561934685,5.459968595579583,-0.4809465196812212,-0.5059412456831802,1.0904086643937423,2.025452329888714,0.7727046170194445,0.6922998960251907,-0.7441439958946207,0.20625787473408477,-0.3327850113322595,1.315060057134241,0.3791129678078734,0.3203904187671264,-0.04248482017697694,-0.604715584582488,-0.19064632852593852,-0.63904569017554,-0.3924109842044027,-0.5351519495649877,-0.8694187671815476,-0.747155408665941,-0.7757638299934845,-0.3824733220590455,-0.6821088928054212,-0.17408355828367653,0.13458625077666025,-0.36380256287685925,-0.2484654537352894,-0.6501879174294254,-0.939885826030444,-0.797144860669859,-0.479139672018429,-0.5487033070359293,-0.8423160522396644,-0.9678919648037233,-0.8365943679741557,-0.49600358353782303,-0.32435305557256244,0.9750715552521724,-0.4017463637954958,-0.2294935532759712,-0.5345496670107236,-0.6342274297414275,-0.8381000743598158,1.5897009018786579,-1.0190859819161695,0.75282929272873,-0.36651283437104754,-0.29152865636517067,0.9347186241164797,-0.16444703741545144,-0.6227840612104102,0.08188652727855392,0.057494083830859015,1.1235342048782662,-0.06025215552776711,0.8585298810020746
2.0819673572772692,0.6247267119273051,0.3282441351614328,2.5570611415471256,0.4962881572286729,0.46862446852435236,0.6599506633831169,0.7480105420226473,2.207055340983763,-0.39797064936534765,0.9311750895928704,1.7331643257880076,-0.8539060405263109,-0.3976270010584616,-0.4875769453858648,0.9455224064053599,-0.33826175604391,0.2541879250275058,0.2120050953572526,3.569105405326313,-1.012499734154187,0.10521638399243693,-0.5602585622922479,-1.030111709882093,-0.9899048579764345,-1.0230669195909308,-1.0140461515351737,-0.9730660909390217,-0.9854374299869167,-1.0147334481489458,-0.9359520737953367,-0.9766743981613245,-0.9804545295370701,-0.1861114681701458,-0.9490107094570037,-0.8514145903013877,-0.9639594108065436,-0.9033054846411696,-0.9923963082013577,-0.9593201586635829,-0.9558836755947232,-0.8436825033964532,-1.007430921627619,-0.3894653537699198,-0.10595550058899288,0.35324454948738715,0.7139893596409365,-0.2959930142969354,0.1490315431203983,0.8542837809271345,1.323363719826486,0.23477179568844822,1.0153689247799338,0.8172556758601707,0.3255808607830664,0.5301375154569412,-0.1353374308277435,-0.28181752163788903,0.7484401024062549,0.20367162391526794,-0.5845716800044304,-0.06944286798235837,-0.7447977030900148
0.9728263767562687,-0.6776500287136799,-0.3019611148271882,2.1876739631599276,-0.38843179770951924,0.5774850349419745,-0.5328771429788679,-0.06383919643531435,-0.3212860022895274,-0.819147509793858,-0.5869213197803248,-0.7618279283377671,-1.2623097595658048,0.19262498802250866,1.5545382434192236,0.9325388995042736,-0.08971489320692107,1.5414366248006885,1.0560216549839658,-0.24169366918192722,1.6505075997999923,0.11761822143139561,0.19262498802250866,-0.5292741978587707,0.7006402499562039,-0.7359522315661605,-0.5577702183540844,0.15921586054524442,0.28466385881771716,1.34556742645359,1.279404252429988,3.0189716645059743,-0.3150627334457232,0.46055308877154966,-0.8198025907247847,0.28957696579966763,-1.167323024581426,0.4124046403484333,0.44483114642930754,0.17657550521480322,-0.14212136768106118,-0.1486721769903287,-0.9468882913245743,-1.2845825112173141,-0.6802703524373868,-0.793926893953178,-1.0451504309635868,-0.3543675893013283,-0.0779234364502394,0.7972646872678996,2.984252375166857,-0.8486261516855617,0.2414285173765513,0.6177725121939696,-0.6314668230833439,0.3095569341929335,-1.841728842970516,-1.2148163920736152,-1.1892682357674722,-1.1067280384707014,0.10287890048554352,-1.0156717890718832,-1.1064004980052382
-0.678366133453469,-0.27881268134822945,-0.611571851866701,-0.5914487107715949,-0.42294771003546544,-0.4692551793025168,-0.49168157148682184,-0.5430804378984182,-0.7176426257113868,-0.43313050432455524,-0.6098747194851861,-0.2856012108742893,-0.1750451585927425,-0.29457176774801136,-0.7513428258586127,-0.8348659837774568,0.13771209457215977,0.8913600957063448,0.733041889259305,2.204576887774324,0.2993033420406927,-0.6992166169977957,-0.5839328387963143,-0.7155818221052617,-0.7828609986581765,-0.764677437427659,-0.719824653059049,-0.778133272738242,-0.7747390079752121,-0.7814063137597351,-0.7374020955818826,2.2838572147393807,-0.3262111642891119,-0.2248681163643607,1.6370073298991017,3.8270354445026387,-0.27796411515747194,2.8073013306952133,1.721015382784093,1.155264181031923,0.8449314026977566,1.6431897407174778,1.702710597812039,0.5982410886704015,-0.3382123147012535,-0.05976138039126113,0.023398106302972562,-0.42100813017087685,0.8148679147966343,0.24499510583221348,-0.8060147332917023,-0.07661148046487398,-0.6101171669682596,-0.4624666497764569,-0.4555568965088603,-0.15722526858683522,-0.22874727609353773,-0.6293917418726083,-0.694003996111714,-0.19068302125098763,-0.5898728021316167,-0.7515852733416863,-0.7424934927264275
-0.569181285027909,-0.7505741050794914,-0.6107654097828172,-1.001512788945317,0.47974241353124214,-0.15979274649251915,1.6691917750552554,-0.5605776730096521,-0.5390686429640098,-0.4888809061908447,-0.6924997239562575,-0.9427214401538949,-0.9864564679133674,0.46253518949472827,-1.198678897697037,-1.088982844464262,0.3083871408342928,2.0499016068631226,1.706474093801035,0.7607937394609668,-0.5096729685682989,1.2031627907330078,-0.3297140838530925,2.1904272698279845,1.0683728691136503,3.8172269089467226,1.7487751862241316,0.5829857577503248,-0.7104239156609594,0.9859215872720217,0.9077721114395216,-0.617935086464698,-0.4021278183400878,-0.38635452963995015,-0.47167368215433103,-0.13398191043774857,-0.7900073268298354,-0.07662449698270266,0.4919308638904392,-0.5935581857463034,-1.2689417291794682,-0.6881979179471289,1.5910422992227553,0.14276760948284783,0.606645690800531,0.4496297714673432,-0.8172520982209822,0.5249113766270905,0.035222459254636775,-0.6537834698741014,-1.266073858506716,-0.9563438258494684,-0.37560001461712905,-0.11892558940579909,-0.42435381605391803,0.3886875196713569,-0.7333668810429775,0.13273006212821473,-0.8423459666075648,0.4503467391355312,0.22235102065172396,-1.3714681057303626,-0.8495156432894454
-0.5060654547388853,1.0880407276886053,2.003395358122527,-1.0775268279647514,-0.2615567841788061,0.23047221108219978,0.19640287361385925,-0.6511895386509876,-0.6129791767389815,-0.19831204722100285,0.29126997905056434,0.32515108813510185,0.4928625781035627,-0.30522576922109895,-0.49552466524591815,-0.027212446344088405,3.4169905204829534,0.1100060454482887,0.022103390212293985,0.08403052848347653,0.22971929754698792,-0.7321277436862718,-0.3906814554676547,-0.4168452008162698,-0.8172069731652215,-1.3519638115495054,-0.8819575371934487,-1.0803502537217964,0.5088619907268165,-0.52338246604876,-0.5915211409854411,2.5274231786300407,-0.632178471886886,-0.9990355919189062,-0.7793730680208213,-0.8953217524434608,0.1344757353426767,0.24873036431108952,-0.6295432745136442,-0.12057372471036953,-0.9896241727287569,-0.8855338764857055,-1.1364423120950864,1.7114531348440951,0.22557827310332204,-0.9239324667815147,-0.36338833981622176,-0.6594715875383191,-0.5540636926086469,-0.8258654788201589,2.3563235777531264,-1.1829347228944238,2.049699540538062,-0.5514284952354049,1.828907646337159,0.9579749144807415,0.49719183093103136,-0.5275234904924258,0.9408461315546699,-0.39576362183033537,1.0272429597202402,0.013633112941159703,0.4548404445753595
-0.6723530877940812,1.0987860868323147,-0.09565442535365846,-0.8842699528593346,0.6862601736124048,-0.04455984523911149,0.9509468509271087,-0.13334714838898024,-0.35782825446600747,-0.10738105029798088,-0.18486053653725343,-0.22674133990983295,0.31017055932663895,0.45089005865850684,-0.19574954541412412,0.08820230145196647,1.2231720728488766,1.8153666325371542,1.523876241063999,-0.5785400882395026,-0.2962634735083153,1.251651019142231,0.35958990730628293,-0.31552864305970196,0.35665825107020244,0.03501368116879028,-0.2686221432824127,0.4400010497816362,3.929928394818704,3.0026874081497885,1.8639483644493464,0.6255330087221639,-0.25438267013573557,-0.5349840527320197,-1.2888385134384548,-1.166546567590522,-1.023733028090025,-0.4583421825601989,-0.5349840527320197,-0.4579233745264731,-0.8654235913416738,-0.819354707631836,-0.8536969663973515,-1.4668319277719184,0.20588735892891552,-0.7129774670654835,-1.052630782417105,-0.7301485964482413,-0.5383345170018261,-0.7757986721243532,1.092503966326428,-1.2519834064705846,-0.30631486631773447,-0.4336325085703768,-0.14423615726585093,0.5417714019770048,-1.1401616614657966,-1.1175460276446036,0.23101584095246316,0.5836522053495846,0.8705357084517557,-0.9274071803330918,-0.3201355314306859
-0.8093589204844265,-0.19660856942399152,-0.7396854520334069,-0.4618093419435419,-0.7257016925203501,-0.6539020384123744,-0.5596138821635179,-0.5254313589093791,-0.795620490085634,-0.781391401458313,-0.8484480260238484,-0.6294509033573803,-0.4415288018310385,0.2799023468484166,-0.3454415654109116,0.23770573919498225,-0.6017287134455309,-0.27413256953146414,-0.2967028480437663,-0.25753196613292306,0.7397308833508623,0.4082912499799905,-0.20454087745186586,-0.839861507024603,-0.3560724936956915,-0.7476177600612812,-0.8314385407682005,-0.8764155450499619,-0.7802465322584136,-0.7459004562614321,-0.7988097685710679,2.3136807040982523,1.5601932178216145,2.153317239740917,0.9067182337933299,3.9025956008157556,0.5711080054799673,1.832917416511932,1.9088058891909765,1.5054848253407078,0.9694407106735318,2.233703412848138,1.391570339950719,-0.25401558216180353,-0.525186029795115,-0.6194741860439714,0.6990880267544342,-0.055462552350681676,0.5316917944548601,-0.25565110959023124,-0.3873110675786604,-0.20486798293755137,-0.40407522372004434,-0.2639105231037911,-0.5926515362177573,-0.6060628611308644,-0.6863672578666641,-0.8225249162832694,-0.7142530005213562,-0.43932083980266107,-0.09136237940466957,-0.3433971561253769,-0.7550594098606271
0.8003233163918595,0.614985047018741,0.7697360215862259,2.561036875436481,-0.09273496690567246,-0.24372733321314285,1.169833390505677,1.1584927621349443,-0.4286119774514316,-0.14885487644312695,-0.494776443545821,-0.017562801705386717,-0.6435654877698347,0.030067837451690917,1.239302839725252,2.12801928244656,0.29187434383889266,-0.19499503301433688,-0.22247175546685524,-0.6664411552833699,1.5278084254766928,-0.009980781594668364,0.07841131610635725,-0.11535142005644801,-0.341515951564204,-0.8541771575120144,-0.6546469017778078,1.1284238960548305,-0.8102403230242612,0.41364029074521746,0.49522801142380346,-1.17268680575288,-1.402026713204441,-1.3991105516233955,-1.1685393759487261,-1.283112124288472,-1.2702810133318714,-0.4339906754786934,-1.3585435038515172,-1.3564697889494404,-1.3989809444420156,-1.3130513831872066,-1.0130107582929628,-0.37229765714190727,-0.26828789408461556,-0.3901186445816301,-0.4117630438720572,-0.5081907868186306,-0.8673322864220644,-0.30133772533646525,0.5057909967062573,-0.08450491088805487,0.9146368503688455,0.5505054742822891,0.9495659857507023,0.4791567209327076,-0.07057213888972601,1.7297364140664255,0.18896624182332902,-0.9061496372453153,1.6591005002144328,0.2765806964360759,3.0287891930361903
0.27954342177908964,3.447369757969781,2.678136364952939,-0.2658131629608443,1.5386217113800111,0.3216347018093531,0.4479085419001432,0.1813304350418086,-0.29692410907016953,3.4522499063790866,0.37836642706753415,-0.3310851479353107,0.9304332158702637,-0.3750064836190638,-0.44393857990050956,-0.8630213245496535,-0.2859437751492311,0.3143144791953942,0.26124286524419266,-0.5128706761819554,-0.8160498961100843,-0.7849389500007592,-0.3981871885632668,-0.024245816700202386,-0.44088848714469336,-0.4341782830818978,0.05810668770683453,-0.5018903422610171,-0.45857902512842724,-0.5348313440238319,-0.7629782821588826,-0.7788387644891268,-0.6428046275797249,-0.5287311585121995,-0.5506918263540761,0.032485908557978685,-0.447598691207489,-0.7080766125541913,-0.5933931249355027,-0.44942874686097867,-0.8898621408008359,0.3911768166419621,-0.8959623263124683,-0.8252001743775328,0.10751819035105689,-0.8007994323310033,-0.5409315295354642,-0.4652892291912229,-0.5476417335982598,-0.7812788386937797,-0.6574450728076426,-1.0478569455521143,-0.4762695631121611,0.49304991468622283,3.38697792140462,0.0916577080208126,-0.005945260165305255,0.789518930551556,0.13679908080689226,0.9176228262958355,-0.5275111214098731,0.6894758881607852,0.3673860931465959
1.5330912754614872,-0.29567912267074165,2.8038121502344553,0.2192421109254476,-0.031818354946592665,-0.20913162719341605,0.5040488271348652,1.097153722611832,2.4379126126324175,-0.27167855669803787,1.0119153489148356,5.337835543025195,-0.5144479179613259,-0.3887722270497137,1.838116650278213,0.04054698791049884,-0.20644065464496136,-0.3561169115292774,-0.3683353814790175,-0.1268751419960587,-0.2674602754058657,-0.595322552390558,-0.270805808844485,-0.8256552567407177,-0.8087094025842331,-0.8306735568986467,-0.8429647558361829,-0.8509649444937508,-0.8385282875806225,-0.8594742360658911,-0.8300917249962781,0.7177993222675209,-0.04600050756682675,-0.3884085821107333,-0.11785674750934581,0.373354836065324,-0.17720360155094042,-0.04367317995735238,-0.08461960008654089,-0.11683854168020076,-0.5449940928356762,-0.46542858018677347,0.15327691899441034,-0.10803833415687605,-0.5036840277675074,-0.7354713118735886,-0.6070319194257255,-0.18229463069666546,-0.05690985573623746,-0.37640829912438145,0.6283426672783522,-0.5080477670352717,-0.3457166662744391,0.1567679104086219,0.23087874897281913,0.10163933765919932,-0.5857223260014766,-0.8127094969130169,-0.20505880387683598,-0.369862690222735,-0.3872449183059962,-0.18062186397735583,-0.6459419278966241
-0.719977574988272,-0.691893796306053,-0.5670770021628574,-0.2975712663878786,-0.5038474419718965,-0.5109094447984194,-0.2602904607687926,-0.5647777454286407,-0.5931899893586049,-0.5884272432662987,-0.6536275949437311,-0.6022227836715993,-0.5912191978721334,-0.6025512489193446,-0.6741566729278095,-0.6991200317564485,-0.686145654470511,-0.5125517710371457,-0.5357085710031858,-0.5251976830753379,-0.7997946301903681,-0.5440844348206898,-0.6500144772185333,-0.3810014393151725,-0.1458203219295725,-0.17259023962081046,-0.49596427602601045,-0.7331161848980821,-0.6698866247071211,-0.556730346858882,-0.6028797141670899,-0.6368758673087234,-0.5583726730976083,-0.48085487462972887,-0.6015658531761088,-0.33797249186054457,-0.5946680829734585,-0.5316027554063703,-0.20642216013857137,-0.3177718791242117,-0.6835179324885491,-0.5552522532440284,-0.4246873172652909,0.6741931690664478,0.38908533402356943,0.811820107871708,1.829076980138752,1.4812322827765303,2.205005456183192,0.9778592906069326,-0.12233505671578697,0.8009807546961147,1.2586970774291226,3.7172594568023296,1.9985650479753014,3.5610742314994623,-0.17127637862982942,-0.2665313004759523,1.1851208619341862,1.1767449981166822,1.1284606066981304,0.11547378265177505,0.31140330293181745
0.45735932326057077,1.7037923885177009,1.2052191624148487,1.5826546749880235,0.06317486637300304,0.240791578172144,3.3666119996372914,0.3366111200637862,-0.10587261810249524,1.0704485872339218,0.9041276750886731,2.1197894240472683,-0.8634702155790948,-0.953057592144451,0.12978113329768096,-0.27803618524113644,0.2887013491179653,-0.8716499325698447,-0.886840835552666,-0.5619892179200263,-0.3473690244960642,-0.5140794469742055,-1.0761428573385925,-0.9382561994945225,-1.3339986977136615,-1.0414764377111285,-1.281804313106019,-1.1345694072725205,-1.221040701174734,-0.9959037287626648,-1.1115882976318423,0.9500898943700299,0.3627083123676075,-0.2912795365594933,-0.4478626903824203,-0.7407744607178459,-0.3641179688104568,0.7506606039288889,-0.3516536381578856,0.5021530115432488,-0.46266408303234885,-0.29790121221867194,-0.3473690244960642,-1.0831540433306641,1.220799575730563,-1.2782987201099834,-1.2786882304428762,0.6170585597466403,1.5487672760263451,0.009032930100896563,1.2492338300317412,-0.3812564234577424,-0.34464245216581413,1.355180640578597,-0.31542917719885033,0.5091641975353202,-0.7302576817297389,-1.1641721925723774,-0.5841913068949188,1.3867309775429182,1.017085671627601,0.013317543762717909,1.0198122439578508
-0.6785490212201595,-0.46646261243284626,-0.3291711738450827,-0.6301079834734714,0.2541291977782496,-0.487294768562251,-0.36606667927908865,-0.4109938593653951,-0.8785879180290217,-0.1640198638071512,-0.7375316319479921,-0.6830668382120787,-0.6411515361203847,-0.7576108185787436,-0.9300408337703225,-0.5866867423844712,-0.6707683364007433,-0.755351910082784,-0.7681523915598881,-0.8386805346004029,-0.9656813900399065,-0.8090637343200445,-0.7573598287458593,-0.9498690305681896,-0.9722071256949008,-0.8170954089723452,-0.8979141351611201,-0.8996710639913109,-0.7987731511717844,-0.8414414227621314,-0.8750740603686401,-0.14921146366697188,-0.05333334750513326,0.2739573945761168,-0.6014951425246504,-0.11532783622757878,0.2694395775841976,0.6356337437625289,-0.26993757328436563,1.0994629549328894,0.10453925737915062,-0.5267001723251009,0.9988160319462476,2.378507143311763,2.3486393531985206,1.2083925424047166,1.1090005685824964,0.9671913130028137,0.7069148563016968,0.7754350806791365,-0.14569760600659049,-0.2486034374891921,0.5410105767651124,0.6386456217571416,0.7852236841616279,0.5221863392987827,1.9013754709985295,-0.3038212007237589,1.395881947569359,0.39493449402639486,0.10328430821472866,4.424074281319576,-0.05810215432993678
1.626628124016025,0.3405184357435983,1.1794063965606023,0.3753332120424058,0.29311108078352066,2.0926461269731975,-0.09448108301117898,0.5548700504556694,0.8984807814260781,-0.10651810673151138,2.1049609281639983,-0.24670313682830428,2.1258868309393457,2.771163894839312,-0.4340177444147058,0.0410743225777937,0.934128890136293,0.8831104280601154,1.3489432460369748,1.5477393224027702,0.6704254781708594,1.7899612766519184,1.9541277616992196,-0.48642509384322946,-0.7573507200408623,-1.3187389878591287,-1.2776279222296862,-0.7431840690469328,-0.6941100492640397,-0.8068877022745375,-0.8391098888489655,-0.8221654631503439,-1.3090167763927065,-1.3289241617763332,0.13116681549997297,0.1451482815135898,0.1942223012964829,-0.6235545717648612,-0.5552213140294363,-0.22670315895452134,-0.4989250800143438,-0.03179596717529482,-0.4932769381148033,-0.6958693065770114,-0.7458692512614685,0.4011665167960418,0.6204255334864023,-1.1608687921424632,-1.0894799822318768,-1.3996648242558243,-0.8679987457777629,-0.4294807123970422,-0.8534617248232078,-1.1342947474675755,-0.09225886324742537,-0.6939248642837267,-0.7277211231908136,-0.221517979505763,-0.6130916203771877,-0.11429587590464912,0.2554259372898648,-0.4346658918458008,-0.3108697325066909
0.10968864676279241,-0.07836595169169383,1.1555630005274673,0.6093820457079784,3.265677162229382,-0.04546117963251621,-0.19238481301303026,0.3736920504934037,0.48158909375721876,0.5921644324211991,-0.5971900320666342,-1.0488654206231365,1.645882365572074,0.4639888668418445,0.35016131233480535,0.5460594901754909,0.11026256720568497,-0.7540616197906206,-0.7322526429607006,-0.8707587765121226,-0.28268162936147123,0.5077981273159824,-0.3982309451971881,-0.8468454247249296,-1.2520332574071287,-0.3563347528660258,-1.1978934289609238,-1.2107109855188591,-1.2696334843225026,-0.5830333278086159,-1.2082239969329909,-0.00471282818713928,0.7737145991895691,0.05880103415964547,-0.2379158348158459,-0.17268021114038323,0.4134838678672928,1.2984691908077333,-0.2941600382193239,1.8802332130865655,1.1262930579399433,1.4930282209483359,0.297934552031576,-1.2231459284481994,-0.8537324700396413,-0.8535411632253437,-1.1605886001729024,-1.0069692282919742,-1.3706434822716063,-1.2074587696758008,-0.8428279816246811,-1.0806223517965288,-0.7389483814611145,0.7587926676743606,1.4540016308316368,0.1378107484645313,0.5152590930735866,1.5597942991381786,0.8159934051493261,-0.9490032635598183,-0.36360441180933256,2.452623201464818,0.037374670958320526
1.5014037844562838,0.4787926071693181,1.5705463492215956,2.172295071119704,1.4895735406622188,1.1293334226429481,0.6911853260627628,0.48038631876851867,1.2631439003758165,0.6240655490964361,1.0000588933078038,1.5856866094139999,1.8862238390632236,1.8100321653014477,-0.655623568461556,0.09856979756007238,0.47995724256873384,1.5246351958446291,2.287471382461921,2.23702428068723,1.042292250686616,1.2697639331724953,1.0684658988734848,-0.8577184585601669,-0.75149145081346,-0.9176665333300916,-0.870835930953586,-0.8994001465392556,-0.7370254532207176,-0.6973052564406447,-0.8521404679629654,-0.7698804308042344,-0.7421130710181651,-0.6888463256448886,-0.7711676594035887,-0.8019385525881512,-0.6935661638425206,-0.7637507708073096,-0.7565790686109077,-0.687988173245319,-0.6653084312566971,-0.6655536176565743,-0.8474819263653025,-0.7508171882137983,-0.6505359506641085,-0.07201864015434514,-0.4693432011550111,-0.8585153143597671,-0.7540046114121993,-0.7649767028066946,-0.743829375817304,-0.6094672286847123,-0.5384857659203229,-0.7858175467962389,-0.3499374244149159,-0.7458521636162893,-0.42858096217546116,-0.075941622552377,-0.624975268476932,-0.5526452805132193,-0.5653336767068535,-0.4286422587754304,-0.8278057177751739
0.0685514276373345,0.6277662585341178,1.2330442048319445,-0.5065917702672863,0.6721073883126926,-0.5539463748851817,1.2007569744106525,2.298522808734592,-0.5203676552470379,-0.07652586105567244,-0.8195626571510134,-0.643489627253566,1.0767740095928897,-0.3485995894057624,-0.3059804452496567,-0.9035094562463735,-0.11656202677807483,-0.34773859659452805,-0.46009815846062546,-1.0020931331327194,-0.0235748031647531,1.8955781730768635,-0.2857471141856467,-1.3297008978074323,-1.3654320994736626,-1.3245349409400256,-1.4640157763600083,-1.1949555228492388,-0.9314917226114935,-0.9848732769080302,-0.9086754131137803,2.4182008094961818,-0.32363079787996313,-0.3137293805507667,0.48441095546357965,-0.6796513253254133,-0.6241172890007904,1.3863009252316791,-1.0800129825494384,-0.006785443345681021,1.002728627826726,-0.22849109223855502,-1.151905882287516,-0.23925350237898582,0.6660804386340515,-0.5156321947852481,-0.7084945845017678,-0.47817900749654907,-0.2444194592463925,-0.30985491290021183,1.7207966323962678,-1.122201630299927,-0.8088002470105826,2.5456277455588827,0.3169478536784768,1.2089364061173795,0.9902442320638262,-0.7605846495814528,0.5201421571298099,1.5688314012133853,0.5063662721500586,1.052235714472708,0.5528598839567197
-0.03581769438285748,-0.4902012098131605,-0.7808459344951819,-0.7343025972477153,0.5632184950827376,0.38642078237293626,0.6000513518972794,-0.3823813925924106,-0.3941009379424921,-0.28025392597027166,-0.6207904294283544,-0.13794516100499624,-0.9817524262108649,0.7058621042008724,0.1604009791927929,-0.6619762602300695,-0.9666844393321886,1.042715321977501,0.8408042978032395,0.2755873677764511,-0.8913445049388077,1.9032647948263428,1.7746846401283058,-1.4143710717053022,-1.0862238019030201,-1.543955758861918,-1.5841370572050544,-1.5459648237790746,-1.3283161244204182,-1.6852599913686148,-1.3889229160879826,-0.09207151206324847,0.17781287514148536,0.6573097020362492,-0.018070954281305576,-0.034813161924279176,0.685771455029304,1.071177074970556,0.7969397137786487,0.44769726234621954,0.7390116753339602,0.7942609605557729,-0.008695318001240284,0.17580381022432873,-0.06561882398735053,-0.4128522105026225,-0.19453382283824705,-0.20725790064690705,1.5332620059166273,0.09410183692661772,0.4848649633136209,-0.9131093748746731,1.3316858258952249,-0.3435394708607119,1.7830557439497932,-0.2243349524427401,0.19087179710300478,-1.4853580321115103,2.5923740614111357,0.5069646774023462,-0.708519597477536,2.556210892902313,-1.2278628785625767
0.688811495305264,-0.4763928251643947,0.2616312215419204,2.7522899436508017,0.09126492290971487,1.0194278751070336,0.7987104031948646,0.5554613560249951,-0.4927167215245655,0.3352037121793099,1.148639561788949,0.29749781072764775,-0.09289621771700099,-1.1065871902802855,-0.34718113848247906,-0.8925372253321298,-0.7909152226392354,-1.085205185188794,-1.1049777920475925,-0.6037651995803756,-1.2243031753001086,-1.193034866779218,-1.1185427200088611,3.135786551098196,2.101863143609629,0.6681192323134981,0.44740176040132923,-0.32625896145747135,-0.334076038587694,-0.03794676377220077,1.0136800242759876,-0.5713473208932757,-0.7106752250378323,-0.4301801044827843,-0.902653442794771,-0.40075110822782833,-0.9426584845788516,-0.5793943120567402,-0.20808314837116423,2.062317929892032,-0.7456221580905924,-0.5603114472976672,-0.972777222933533,-0.17796441001648286,-0.6152609012424676,-0.9382901179472565,-1.0973906289506117,-0.7647050228496652,0.3604942558359126,-0.2016455554403926,0.5481041069612562,0.3938317906559799,-0.14370721906344824,0.10253071053856519,-0.20302503963984375,-0.7092957408383813,-0.2959103090695482,0.7920428962308512,2.998757787286057,0.4497009007337477,-0.8628783150439321,0.5487938490609819,0.6895012374049895
0.5390664199368231,0.17312386497676382,3.0821653703531933,-0.06500787115533384,2.3134505639550165,1.2094005302634765,1.0605681951809154,0.7230467301970736,1.2184818252854632,1.1258189816351907,2.9343420680508525,1.2265540875272292,0.3340645934219738,-0.20728149316645975,-0.2935537958753343,-0.2960763778258861,-0.534712630348094,-0.7412280060332748,-0.7735170550003388,-0.22779849303094854,-0.6736228097584843,-0.5553978023426195,-0.17095631307851275,1.6932317483793273,2.181435441876135,0.7622308364956463,0.15227052085220147,0.1531113815023855,0.7395275989406793,1.2919730461115413,1.761341461044228,-0.9157906770114649,-0.14303973949240537,-0.3878983608259745,-0.7861299647530982,-1.0859808726086984,-0.4442360243883,-0.7891570630937605,-0.7873071696633557,-0.5328627369176894,-0.33996930376548884,-0.9198268081323479,-1.1695624212369842,-0.8732431281121565,-0.7240744487695219,-0.6773225966192937,-0.15447544433490726,-1.019216536984092,-0.5404304827693449,-0.9063730377294045,-0.8305274070828113,-0.6421746214416042,-0.17280620650891745,-0.6621871049159824,-0.4398635490073433,-0.8656753822605008,-0.37007211504207466,-0.6446972033921561,0.1860731189895967,-0.3850394346153492,-1.005426422321075,-0.4679482947234877,-0.6388111788408684
-0.6721680926972532,-0.36788542756800696,-0.15284964112562982,-0.5901827710688959,-0.4360503664075841,-0.48828672847365173,-0.2144557542349383,-0.6311754318830745,-0.8335620544170765,-0.592993696381868,-0.4608802066721723,-0.4374558290640702,-0.42597788403610026,-0.8148225523305949,-0.8363729797300488,-0.7279181114045361,-0.10365844814861552,-0.3039368766978883,-0.32548730409734217,0.1919571972656328,0.06523131440580066,-0.2929274192220804,0.06476282685363867,-1.0143982495516246,-0.794443343811546,-1.0701482682589076,-1.0270474134599998,-0.9621618874855569,-0.9349896094601586,-1.0209570752818933,-0.6906733510076538,1.8333033362653461,-0.46041171912001033,-0.5644159556999836,0.5929825419163406,0.4849961611429899,-0.07203553837767755,2.5264306696890877,3.882702133198198,1.5327685715533965,0.0012827635356819742,1.121670744531205,2.1521091155116157,0.8356590939362782,-0.21094209759372298,-0.3859221983262457,-0.22921311212804268,-0.3505513881380115,0.00339095752041119,-0.3910755614000281,-0.49133189756270507,-0.5498928415829604,0.3360171195554606,-0.7192510916895384,2.0171847004889476,-0.1416059398737409,0.9035897889997744,0.045554837214994724,0.7124468677176613,0.06523131440580066,0.6602105056515937,2.6330115878059517,-0.8719780336943639
1.0347662116651544,0.0037525777375759825,1.1676683161873012,-0.19611174098611417,2.7428138357449767,2.021053175801625,0.10854077553388408,1.3759668069287427,2.1677566527164567,4.146975686215506,0.872727876536229,0.5782985988256264,1.5564069719145808,-0.6814600034621854,-0.3640284384304422,0.12847609121220618,0.10700728971247472,-0.25617326899131526,-0.2998776149014828,-0.3849860779897038,-0.6911720803311115,-0.6469565724804742,-0.7215862157890645,-0.5076649437024549,-0.9283512207090968,-0.5843392347729242,-0.7750026385681581,-0.9163389151080565,-0.8417092717994663,-0.9022819617451373,-0.07956681855900079,-0.8230518609723189,0.10368473709942114,-0.40032093620379766,-0.6190982467248703,-0.9758892811727878,1.5535955812419966,-0.714941110562957,-0.8194737273890302,-0.925539830036513,0.3170948472455608,-0.41591137538812645,-1.0489854386599686,-0.6704700217420848,0.15837906472968907,-0.49284124742883073,-0.23981608689628173,-0.46523850264346167,-0.7024176430214469,-0.7159634344438967,-0.9107161337628888,-0.7898263348417821,-0.29553273840748956,0.23812032744297726,-0.171831548813799,0.06253620089160242,0.9417347384996512,0.6478166227295186,0.9322782426009601,0.3421417823285809,-0.42306764255470364,-0.06959916071983974,-0.8414536908292314
0.23179659085359727,0.8233367841822147,-0.5136330061529908,0.542244000585458,1.6627604870961565,0.07761067580052432,1.0234819623761073,-0.4021447291146149,0.3038488550033987,-0.2882843610754225,1.2553538577059211,0.31541279863237925,-0.4561097993831905,-0.8258594841354638,2.220794895038241,3.3682939166832275,1.635777951961869,-0.5572201782929943,-0.6162259419383049,-0.37367963710481683,-0.31437736208440403,-0.4736039705142123,-0.5960631684313646,-0.42972028699910675,-0.09822056963499952,0.7210403597720025,-0.1646391176578617,1.0110284846218207,0.4758254525625958,0.9852319949879411,0.9211855379658955,0.14669782619930513,0.2436570458576798,-0.2924355203268513,-1.4034636428342842,-1.4203647912151016,-1.062772072842013,-0.39413892198685924,-0.36330173897624457,-0.6129643168121822,-1.082638334973851,-0.8184466997579123,-1.2904928089203977,-1.3675857664469344,0.4114824841654478,-1.3601729820693829,-1.3824113352020375,-0.7277142189766809,-1.0434988334603787,-0.7962083466252576,2.2457018505468143,-1.2163649651448818,0.14343620107318245,0.5748602518466851,0.5134823972005577,1.002726166118963,-0.681754955835861,-1.3666962323216283,0.6498776297475072,0.9401622659724275,-0.04514503349173036,-0.6266038400668771,1.0178482462491683
-0.08197508742461047,0.6221955504288329,0.7682571456167742,1.0744373917701426,0.09593452475919784,-0.5214777219675735,0.8670958190522229,-0.03936463709910562,-0.25659007716057036,1.0546696570830525,-0.49160647844041566,0.034215264236173,0.0546419234128324,-0.23330807852910893,-0.3872767675918862,2.691218447677564,0.9130008918255758,-0.7485870293725829,-0.8133812708469328,-0.5752898886157625,4.250014148502856,-0.049028862946127454,0.5541066865066344,-0.8518185327384963,-1.1551434394370632,-1.1628308918153758,-1.0367566728110476,-0.9581250170557347,-0.14633004590591364,-0.6493090729440875,-0.7977867245937842,-0.13732474454846189,0.3454472648095755,-0.27438103837895117,-0.48106368660730103,-1.2129091530226699,0.18642682132676422,-1.2197180394148894,-1.201048512210416,-0.11162668945524507,-0.406165936292883,-0.5783648695670874,-0.8729041164047254,0.38652022465941777,0.10669695808883539,-0.6141664335003723,0.21256415941302745,-0.9908516000376945,-0.6965319946965798,0.00017083227507375926,0.53741393277087,0.3096457008762907,0.17193048255623186,0.7735285415333313,0.21388200839216687,3.1920010597505057,0.21432129138521325,0.037949169677067573,0.6729327361256965,0.6022081742452197,0.9072902129159721,-1.4815307032705678,-0.6161432069690813
0.38295326133224794,-0.1967306456017054,-0.5462179188814134,-0.044473103971124125,1.4529483755446577,0.0018330069378013594,-0.7144825111965617,-0.3545144309210066,-0.7647903847766286,2.4707300149050284,1.4723855085187745,0.9881722253106298,1.1297583998181668,-1.2646295984149458,-1.0935066041918389,-0.9761215658383495,-0.6971415396216143,-0.5418350359558771,-0.5597476879124162,-0.945822505613991,-0.6454997451511668,-0.8979919136874879,-1.3515250164168795,1.3902540936967713,0.4490776254696848,1.5474661986344806,0.01574389622319862,-0.881984863002921,0.014981655714409597,-0.22016954124696403,-0.39986774119394586,-1.1441955980263006,-0.19444392407533895,-0.22950698747962803,0.18762913095509406,-0.9921286165229162,-0.4395042476509682,-0.0909697750072466,0.8178114715963122,-1.1716362563427005,0.4538416286496153,-0.516109418784252,0.12836493139675753,-1.0468193730285194,0.07138745336478787,-0.9162856858984213,0.24536884949585275,0.3423639542392396,-0.8280563470061069,-0.43797976663339033,0.15142270678762157,-0.3308849751485509,1.0348594564739495,0.9578731650862712,0.1424663808093522,-0.943345223960427,3.6308600692817246,1.4735288692819577,2.6711992687165074,0.09387354837406009,-0.401011101957129,-0.2720018958446088,-0.6672235996516502
1.4016206573440761,2.2751048467658905,2.0049755565123553,2.999866168520028,1.7103315078520598,1.3874954870239908,0.06673369362360182,0.8960329494408513,0.9684098552131902,-0.011713533278029813,3.2394103792375106,1.650211981283101,1.20801243440307,1.0142874745172696,0.5799093029384427,0.7813972696530501,0.668862854871543,0.3852504474942896,0.32273781355705183,1.667722523002215,-0.10142587535229178,-0.5588595935279523,-0.04556724726831734,-0.28960583036037263,-0.5017168590512429,-0.6688257955239897,-0.6602456300816236,-0.766534618316647,-0.6898384455869268,-0.3563793627825948,-0.747039548536033,-0.42939832175130116,-0.2825432452003299,-0.6137259575811769,-0.5871683026405202,-0.7686942517953378,-0.4474925481943858,-0.6212554905203961,-0.7770993118205126,-0.6786900673590905,-0.661938315781138,-0.5888026198676376,-0.6562182054862273,-0.7353074855842265,-0.48870068970670133,-0.8479002688381311,-0.8338918354628396,-0.42309452673242004,-0.5240719839793121,-0.7541605021684729,-0.6685923216344013,-0.6913560258692499,-0.6854024416847511,-0.6401668755770394,-0.5852421430514178,-0.6125002196608389,-0.4257211079902871,-0.7183806285890829,-0.7760486793173658,-0.599308944899106,-0.6278511279012623,-0.5073786008737565,-0.5725178160688614
-0.5495312491722318,-0.5498015176157178,-0.48974786947312543,-0.6801790147533713,-0.3179111931047174,-0.5811526570600956,-0.618882131770743,-0.6760709344123838,-0.7201246907006041,-0.5538014905793108,-0.6834762897639006,-0.7175841673318356,-0.5976930858014395,-0.5414231958676513,-0.5969363341596787,-0.6403414461835326,-0.5302340823073304,-0.5970444415370731,-0.6048281727094704,-0.5702878656319578,-0.6306658359067333,-0.4474238312232155,-0.3891539548076308,-0.5090450363380268,-0.5501798934365982,-0.3402894202253594,-0.6335847350963824,-0.5062342445257723,-0.6103957026452823,-0.40109982000971267,-0.574612160727734,-0.6241793932630689,-0.49774781540031143,-0.6008281997458773,-0.6318550170580718,-0.5632608861013213,-0.49407216456890163,-0.6519089355647342,-0.6199091518559899,-0.5806661738618206,-0.6842870950943586,-0.6254766817918018,-0.5441258803025115,2.438016125122172,1.7198047634024374,1.8387228785362837,-0.13348000726986112,1.9389924710695952,1.583048930998514,1.447698494500718,0.9385127469730666,0.7442978434840167,1.0759172236413563,1.8594254413073126,2.2019636665814875,1.2729429189426613,1.3668882298983998,-0.4984505133533751,0.2910036100692733,3.4602254320749766,0.661541646088599,0.7959731698785426,-0.474991212458789
-0.37343651011375545,-0.6455581244848737,-0.03280371191245254,-0.5078145864683978,1.2508795219583706,-0.4407457433504279,0.39292718830950013,-0.4145432204118661,-0.28857879821180776,0.2008554834662815,-0.9688828341396036,0.20806718702735355,-0.3489167180061105,2.082869722787382,0.5337957978691076,1.7749299807296057,-0.04073658582963198,-0.8388317799216045,-0.8950830676979664,3.3461197965685012,-1.0938856958648524,0.18018193325787513,1.0746735649495107,-0.20083640488543128,1.0225089091910895,1.5879064683791377,2.7473080108808197,1.227080900206833,0.5599983208076691,1.3518433718133793,0.737165838291339,-0.09770904396210098,-0.657096850182589,-0.6143074090535616,-1.055423276872468,-0.23112555984193373,-1.0335477760705496,0.3842731440362138,-0.4506017382172263,-0.2861748970247837,-0.76431084312386,-0.12198844595104351,-1.0443653314121577,-1.348218441451993,-0.5183917516913034,-0.6662316746932803,-0.48016972281762166,-0.6537313885207554,1.8001709431933581,-0.13617146295448523,0.5544693480775139,-0.37680197177558894,-0.4580538318970007,1.2297251915125595,-0.7929172672494458,-0.3008386942656302,-1.1720124844431328,-1.45302853320624,0.23619283091553434,0.015995482184134904,-0.8888329246117039,-0.597239710625691,-1.2099941231981122
-0.5126563006485435,0.15662901067159607,-0.04284425858460231,-0.4837851695719884,-0.8465115618247072,1.4353576525350158,0.5246046994836888,-0.2680390809817316,-0.7068802733453682,-0.6853581574519365,-0.5399526427572865,-0.7924438072631587,-0.6417889960091352,-0.3745998011370167,-0.5257795420469776,-1.3005757142105274,-0.9173770653762515,-0.7378511230456728,-0.7593732389391047,-0.5194803861757292,-1.587712236008266,-1.1016273746102663,-0.605568849749457,0.3608266468312311,0.147705206520661,-1.0675069469743377,-1.0312868007146596,-0.8596348032231413,-0.9898173578956079,-0.44441544537668604,-0.5992696938782085,1.7881103813249248,-0.29008612653110083,0.04114448636537608,0.1697522520700302,0.020672229783818788,-0.05911707791866056,0.005974199417572746,-0.21869569332361957,3.3130310318229688,0.0857635071200521,0.8558353123801657,-0.3641012080182694,-0.2958603527464121,0.4710618745780774,-0.18352540637581594,-0.1063607469530234,0.1902245086515875,1.8206560199930415,0.48313525666463697,0.08733829608786402,0.19914831280252288,0.015947862880382448,0.3366798826581124,1.1713180355985215,0.3482283350887343,1.2805034040334935,-0.9803686240887353,1.9434895594823847,0.15557915135972145,-0.921051572967813,3.8290368836093975,1.1235494369082213
-0.5382313964561506,-0.44178751712753794,-0.4279901094982657,-0.32264690224877257,-0.5234681702928293,-0.5507870373987883,-0.40777690732138205,-0.44896216909475944,-0.5522357651998618,-0.40508641283367397,-0.6108057605861222,-0.5818312045646508,-0.4178490148907507,-0.6146690347223185,-0.6246721552535408,-0.6259139219401754,0.003109891878343935,-0.5790027360006499,-0.5861773879678714,-0.568309745087964,-0.5713451747664038,-0.5984570807579237,-0.44261536158529435,-0.6114266439294396,-0.6292942868093471,-0.6130823328449522,-0.6321227553733478,-0.5643774839136213,-0.5749325007500147,-0.5630667301888405,-0.5986640418723628,-0.6071494475643652,-0.5477516077203484,-0.41150220738128546,-0.10775227842285817,0.07257983929172944,-0.6311569368392989,-0.5956286121939229,-0.6197050885070029,-0.3767327401555195,-0.6545435427709152,-0.5531325966957645,-0.590868506561824,1.8708649626529206,0.39509424262596693,-0.16445962377916684,0.9989377875210644,0.20751848590601146,1.4861242509106656,-0.4059142572914302,-0.40922563512245563,-0.2817375886279805,0.0485033629786495,3.4944059183893796,1.4775008711423703,2.2446367353299044,1.0896557426835292,1.830783493489885,1.7079865655893625,0.34611344554205054,3.5382126876123183,1.930952672878401,0.44186745448919956
-0.41840012468129967,-0.5250103305406316,-0.5849371853870263,0.27920143974606804,-0.8057726118099284,-1.1262654045795972,-0.8696725178063602,-0.7862384436555787,-0.9074165037317139,-1.2636667568517175,-1.0617033233914923,-1.2116860043053972,-1.1279208425587792,-0.4015146572936415,0.6808106934956636,0.6503506346787112,0.7135883654834703,-0.5428890607157991,-0.5673895428076954,-0.11479279929928922,0.8046374543384898,-0.32602668544293445,-0.4548197602233075,-0.5134222646863564,-0.12604977755772787,-0.2223962679461304,-1.1262654045795972,2.3438636873820746,-0.2505387135922274,0.29078950560034345,-0.026723498806797363,2.3372419354653458,0.3010532210712729,0.17656428503677357,1.120826108362285,2.494508543487653,0.16034099284078823,0.17921298580346476,1.9780118939828149,1.002627836648678,0.19179431444524936,1.1214882835539581,2.6223083554805164,-1.3782230650111238,-0.5789776086619707,-0.6879054276921576,-0.013811082569176729,0.545726954394398,-0.6567831936835327,0.162658606011643,1.736317949022217,-0.07605555058642621,-0.1237321643868727,0.649357371891202,-0.08929905441988362,1.1953208174254826,-1.3146542466105284,-1.2941268156686694,-1.1335493316879988,-0.6696956099211536,1.0807645092660765,-1.075277914820786,-0.36575719694330666
-0.09611383037763664,0.730439996203096,-0.2692091378583642,-0.18630059935754034,-1.321388109290575,-0.9049467479658262,-0.9663370398328486,-1.156520366699242,-0.9482996860368677,-1.501128757643506,-1.4653704948549828,-1.3093632067599212,-0.8176079822168667,-0.8334302223887797,0.6779101588323447,-0.2891451604749744,1.209853873412058,-0.35180123155574977,-0.3676234717276626,-0.5141374157195765,0.3687435858731658,-0.8998836311108142,-0.7856470570696026,-0.19516105385381166,0.48962550078658074,0.35292134570125283,0.36178180019752415,0.3165301933058532,0.10704373342972569,0.1203344151741325,0.7529075772472124,1.6319912411986957,0.6851883893114247,0.2060909569059007,0.22412831070188158,2.197478104942864,1.4699715018383068,1.331368677932349,1.2984584183747703,1.828503464133854,0.777273827111958,1.6484463709774848,2.8075836859718275,0.43772855302270636,-1.3599943753100427,-1.056207364009314,-0.8502017969710075,0.15640912276609426,0.1092588470537936,-0.11984719063550592,0.6823403860804803,-0.12554319709739464,1.4187074436813087,-0.6970425121068902,0.5820273833905524,-1.054941584795561,-1.0188668772035996,-1.0992438572769172,-1.2514538077307198,1.004481195980628,-1.0270944420929942,-1.1647479315886369,0.01907207807388991
